table_name,column_name,data_type,is_nullable
ai_backtest_daily_returns,id,bigint,NO
ai_backtest_daily_returns,strategy_name,text,NO
ai_backtest_daily_returns,run_date_sgt,date,NO
ai_backtest_daily_returns,portfolio_return,numeric,YES
ai_backtest_daily_returns,cumulative_return,numeric,YES
ai_backtest_daily_returns,tickers,ARRAY,YES
ai_backtest_daily_returns,created_at,timestamp with time zone,YES
ai_backtest_summary,id,bigint,NO
ai_backtest_summary,strategy_name,text,NO
ai_backtest_summary,total_return,numeric,YES
ai_backtest_summary,annualized_return,numeric,YES
ai_backtest_summary,annualized_volatility,numeric,YES
ai_backtest_summary,sharpe_ratio,numeric,YES
ai_backtest_summary,max_drawdown,numeric,YES
ai_backtest_summary,win_rate,numeric,YES
ai_backtest_summary,start_date,date,YES
ai_backtest_summary,end_date,date,YES
ai_backtest_summary,created_at,timestamp with time zone,YES
ai_hype_backtest_results,id,bigint,NO
ai_hype_backtest_results,ticker,text,NO
ai_hype_backtest_results,run_date,date,NO
ai_hype_backtest_results,high_hype_count,numeric,YES
ai_hype_backtest_results,high_hype_avg_fwd_5d,numeric,YES
ai_hype_backtest_results,high_hype_avg_fwd_20d,numeric,YES
ai_hype_backtest_results,low_hype_count,numeric,YES
ai_hype_backtest_results,low_hype_avg_fwd_5d,numeric,YES
ai_hype_backtest_results,low_hype_avg_fwd_20d,numeric,YES
ai_hype_backtest_results,created_at,timestamp with time zone,YES
ai_hype_scores,id,bigint,NO
ai_hype_scores,ticker,text,NO
ai_hype_scores,company,text,YES
ai_hype_scores,run_date,date,NO
ai_hype_scores,article_count,numeric,YES
ai_hype_scores,avg_sentiment_score,numeric,YES
ai_hype_scores,volume,numeric,YES
ai_hype_scores,volume_z,numeric,YES
ai_hype_scores,news_volume_z,numeric,YES
ai_hype_scores,sentiment_z,numeric,YES
ai_hype_scores,trend_z,numeric,YES
ai_hype_scores,hype_score,numeric,YES
ai_hype_scores,hype_regime,text,YES
ai_hype_scores,headlines_json,jsonb,YES
ai_hype_scores,created_at,timestamp with time zone,YES
ai_hype_scores,positive_count,numeric,YES
ai_hype_scores,neutral_count,numeric,YES
ai_hype_scores,negative_count,numeric,YES
ai_hype_scores,hype_score_z,numeric,YES
ai_hype_scores,signal,text,YES
ai_hype_scores,signal_score,numeric,YES
ai_hype_scores,signal_reason,text,YES
ai_hype_trading_backtest,id,bigint,NO
ai_hype_trading_backtest,ticker,text,NO
ai_hype_trading_backtest,signal_date,date,NO
ai_hype_trading_backtest,signal,text,YES
ai_hype_trading_backtest,signal_score,numeric,YES
ai_hype_trading_backtest,close_price,numeric,YES
ai_hype_trading_backtest,fwd_1d_return,numeric,YES
ai_hype_trading_backtest,fwd_5d_return,numeric,YES
ai_hype_trading_backtest,fwd_10d_return,numeric,YES
ai_hype_trading_backtest,fwd_20d_return,numeric,YES
ai_hype_trading_backtest,created_at,timestamp with time zone,YES
ai_hype_trading_backtest,article_count,numeric,YES
ai_hype_trading_backtest,avg_sentiment_score,numeric,YES
ai_hype_trading_backtest,volume_z,numeric,YES
ai_hype_trading_backtest,hype_score,numeric,YES
ai_latest_quarterly_factors,asof_date,date,YES
ai_latest_quarterly_factors,ticker,text,YES
ai_latest_quarterly_factors,fiscal_date,date,YES
ai_latest_quarterly_factors,period,text,YES
ai_latest_quarterly_factors,ai_subsector,text,YES
ai_latest_quarterly_factors,revenue_ttm,numeric,YES
ai_latest_quarterly_factors,ebitda_ttm,numeric,YES
ai_latest_quarterly_factors,gross_profit_ttm,numeric,YES
ai_latest_quarterly_factors,operating_income_ttm,numeric,YES
ai_latest_quarterly_factors,net_income_ttm,numeric,YES
ai_latest_quarterly_factors,operating_cash_flow_ttm,numeric,YES
ai_latest_quarterly_factors,capex_ttm,numeric,YES
ai_latest_quarterly_factors,free_cash_flow_ttm,numeric,YES
ai_latest_quarterly_factors,revenue_growth_qoq,numeric,YES
ai_latest_quarterly_factors,revenue_growth_yoy,numeric,YES
ai_latest_quarterly_factors,ebitda_growth_yoy,numeric,YES
ai_latest_quarterly_factors,gross_margin,numeric,YES
ai_latest_quarterly_factors,gross_margin_ttm,numeric,YES
ai_latest_quarterly_factors,gross_margin_trend_4q,numeric,YES
ai_latest_quarterly_factors,ebitda_margin,numeric,YES
ai_latest_quarterly_factors,ebitda_margin_ttm,numeric,YES
ai_latest_quarterly_factors,ebitda_margin_trend_4q,numeric,YES
ai_latest_quarterly_factors,operating_leverage,numeric,YES
ai_latest_quarterly_factors,roic,numeric,YES
ai_latest_quarterly_factors,net_debt_to_ebitda,numeric,YES
ai_latest_quarterly_factors,debt_to_assets,numeric,YES
ai_latest_quarterly_factors,current_ratio,numeric,YES
ai_latest_quarterly_factors,cash_to_debt,numeric,YES
ai_latest_quarterly_factors,cash_flow_quality,numeric,YES
ai_latest_quarterly_factors,ev_to_ebitda_ttm,numeric,YES
ai_latest_quarterly_factors,fcf_yield_ttm,numeric,YES
ai_latest_quarterly_factors,sales_yield_ttm,numeric,YES
ai_latest_quarterly_factors,earnings_yield_ttm,numeric,YES
ai_latest_quarterly_factors,valuation_dispersion_subsector,numeric,YES
ai_latest_quarterly_factors,z_ev_ebitda_subsector,numeric,YES
ai_latest_quarterly_factors,z_fcf_yield_subsector,numeric,YES
ai_latest_quarterly_factors,z_revenue_growth_yoy_subsector,numeric,YES
ai_latest_quarterly_factors,z_ebitda_margin_trend_subsector,numeric,YES
ai_latest_quarterly_factors,z_roic_subsector,numeric,YES
ai_latest_quarterly_factors,z_cash_flow_quality_subsector,numeric,YES
ai_latest_quarterly_factors,z_balance_sheet_quality_subsector,numeric,YES
ai_latest_quarterly_factors,valuation_score_v2,numeric,YES
ai_latest_quarterly_factors,quality_growth_score,numeric,YES
ai_latest_quarterly_factors,balance_sheet_quality_score,numeric,YES
ai_latest_quarterly_factors,quarterly_factor_score,numeric,YES
ai_latest_quarterly_factors,source,text,YES
ai_latest_quarterly_factors,created_at,timestamp with time zone,YES
ai_latest_quarterly_factors,rn,bigint,YES
ai_portfolio_backtest_daily_v1,run_date_sgt,date,NO
ai_portfolio_backtest_daily_v1,portfolio_return,numeric,YES
ai_portfolio_backtest_daily_v1,equity_curve,numeric,YES
ai_portfolio_backtest_daily_v1,drawdown,numeric,YES
ai_portfolio_backtest_daily_v1,turnover,numeric,YES
ai_portfolio_backtest_daily_v1,cash_weight,numeric,YES
ai_portfolio_backtest_daily_v1,gross_exposure,numeric,YES
ai_portfolio_backtest_daily_v1,position_count,integer,YES
ai_portfolio_backtest_daily_v1,model_version,text,NO
ai_portfolio_backtest_daily_v1,created_at,timestamp with time zone,YES
ai_portfolio_backtest_metrics_v1,model_version,text,NO
ai_portfolio_backtest_metrics_v1,start_date,date,YES
ai_portfolio_backtest_metrics_v1,end_date,date,YES
ai_portfolio_backtest_metrics_v1,trading_days,integer,YES
ai_portfolio_backtest_metrics_v1,initial_equity,numeric,YES
ai_portfolio_backtest_metrics_v1,final_equity,numeric,YES
ai_portfolio_backtest_metrics_v1,total_return,numeric,YES
ai_portfolio_backtest_metrics_v1,cagr,numeric,YES
ai_portfolio_backtest_metrics_v1,annualized_volatility,numeric,YES
ai_portfolio_backtest_metrics_v1,sharpe_ratio,numeric,YES
ai_portfolio_backtest_metrics_v1,max_drawdown,numeric,YES
ai_portfolio_backtest_metrics_v1,win_rate,numeric,YES
ai_portfolio_backtest_metrics_v1,average_daily_return,numeric,YES
ai_portfolio_backtest_metrics_v1,average_turnover,numeric,YES
ai_portfolio_backtest_metrics_v1,average_cash_exposure,numeric,YES
ai_portfolio_backtest_metrics_v1,average_gross_exposure,numeric,YES
ai_portfolio_backtest_metrics_v1,average_position_count,numeric,YES
ai_portfolio_backtest_metrics_v1,rebalance_frequency,text,YES
ai_portfolio_backtest_metrics_v1,top_n,integer,YES
ai_portfolio_backtest_metrics_v1,execution_lag_days,integer,YES
ai_portfolio_backtest_metrics_v1,created_at,timestamp with time zone,YES
ai_portfolio_backtest_positions_v1,run_date_sgt,date,NO
ai_portfolio_backtest_positions_v1,ticker,text,NO
ai_portfolio_backtest_positions_v1,weight,numeric,YES
ai_portfolio_backtest_positions_v1,daily_return,numeric,YES
ai_portfolio_backtest_positions_v1,contribution,numeric,YES
ai_portfolio_backtest_positions_v1,is_rebalance_day,boolean,YES
ai_portfolio_backtest_positions_v1,action,text,YES
ai_portfolio_backtest_positions_v1,model_version,text,NO
ai_portfolio_backtest_positions_v1,created_at,timestamp with time zone,YES
ai_portfolio_engine_v7,run_date_sgt,date,NO
ai_portfolio_engine_v7,ticker,text,NO
ai_portfolio_engine_v7,company_name,text,YES
ai_portfolio_engine_v7,ai_subsector,text,YES
ai_portfolio_engine_v7,alpha_score_v7,numeric,YES
ai_portfolio_engine_v7,subsector_rank,integer,YES
ai_portfolio_engine_v7,global_rank,integer,YES
ai_portfolio_engine_v7,signal_label,text,YES
ai_portfolio_engine_v7,portfolio_weight,numeric,YES
ai_portfolio_engine_v7,raw_weight,numeric,YES
ai_portfolio_engine_v7,cash_weight,numeric,YES
ai_portfolio_engine_v7,action,text,YES
ai_portfolio_engine_v7,source,text,YES
ai_portfolio_engine_v7,created_at,timestamp with time zone,YES
ai_quarterly_factor_quintile_backtest,rebalance_date,date,NO
ai_quarterly_factor_quintile_backtest,entry_date,date,NO
ai_quarterly_factor_quintile_backtest,exit_date,date,NO
ai_quarterly_factor_quintile_backtest,factor_name,text,NO
ai_quarterly_factor_quintile_backtest,quintile_label,text,NO
ai_quarterly_factor_quintile_backtest,quintile,integer,YES
ai_quarterly_factor_quintile_backtest,n_stocks,integer,YES
ai_quarterly_factor_quintile_backtest,equal_weight_return,numeric,YES
ai_quarterly_factor_quintile_backtest,median_return,numeric,YES
ai_quarterly_factor_quintile_backtest,cumulative_return,numeric,YES
ai_quarterly_factor_quintile_backtest,turnover_proxy,numeric,YES
ai_quarterly_factor_quintile_backtest,execution_lag_days,integer,NO
ai_quarterly_factor_quintile_backtest,fundamental_lag_days,integer,NO
ai_quarterly_factor_quintile_backtest,rebalance_frequency,text,NO
ai_quarterly_factor_quintile_backtest,subsector_neutral,boolean,NO
ai_quarterly_factor_quintile_backtest,min_stocks,integer,YES
ai_quarterly_factor_quintile_backtest,created_at,timestamp with time zone,NO
ai_quarterly_factors,asof_date,date,NO
ai_quarterly_factors,ticker,text,NO
ai_quarterly_factors,fiscal_date,date,NO
ai_quarterly_factors,period,text,NO
ai_quarterly_factors,ai_subsector,text,YES
ai_quarterly_factors,revenue_ttm,numeric,YES
ai_quarterly_factors,ebitda_ttm,numeric,YES
ai_quarterly_factors,gross_profit_ttm,numeric,YES
ai_quarterly_factors,operating_income_ttm,numeric,YES
ai_quarterly_factors,net_income_ttm,numeric,YES
ai_quarterly_factors,operating_cash_flow_ttm,numeric,YES
ai_quarterly_factors,capex_ttm,numeric,YES
ai_quarterly_factors,free_cash_flow_ttm,numeric,YES
ai_quarterly_factors,revenue_growth_qoq,numeric,YES
ai_quarterly_factors,revenue_growth_yoy,numeric,YES
ai_quarterly_factors,ebitda_growth_yoy,numeric,YES
ai_quarterly_factors,gross_margin,numeric,YES
ai_quarterly_factors,gross_margin_ttm,numeric,YES
ai_quarterly_factors,gross_margin_trend_4q,numeric,YES
ai_quarterly_factors,ebitda_margin,numeric,YES
ai_quarterly_factors,ebitda_margin_ttm,numeric,YES
ai_quarterly_factors,ebitda_margin_trend_4q,numeric,YES
ai_quarterly_factors,operating_leverage,numeric,YES
ai_quarterly_factors,roic,numeric,YES
ai_quarterly_factors,net_debt_to_ebitda,numeric,YES
ai_quarterly_factors,debt_to_assets,numeric,YES
ai_quarterly_factors,current_ratio,numeric,YES
ai_quarterly_factors,cash_to_debt,numeric,YES
ai_quarterly_factors,cash_flow_quality,numeric,YES
ai_quarterly_factors,ev_to_ebitda_ttm,numeric,YES
ai_quarterly_factors,fcf_yield_ttm,numeric,YES
ai_quarterly_factors,sales_yield_ttm,numeric,YES
ai_quarterly_factors,earnings_yield_ttm,numeric,YES
ai_quarterly_factors,valuation_dispersion_subsector,numeric,YES
ai_quarterly_factors,z_ev_ebitda_subsector,numeric,YES
ai_quarterly_factors,z_fcf_yield_subsector,numeric,YES
ai_quarterly_factors,z_revenue_growth_yoy_subsector,numeric,YES
ai_quarterly_factors,z_ebitda_margin_trend_subsector,numeric,YES
ai_quarterly_factors,z_roic_subsector,numeric,YES
ai_quarterly_factors,z_cash_flow_quality_subsector,numeric,YES
ai_quarterly_factors,z_balance_sheet_quality_subsector,numeric,YES
ai_quarterly_factors,valuation_score_v2,numeric,YES
ai_quarterly_factors,quality_growth_score,numeric,YES
ai_quarterly_factors,balance_sheet_quality_score,numeric,YES
ai_quarterly_factors,quarterly_factor_score,numeric,YES
ai_quarterly_factors,source,text,NO
ai_quarterly_factors,created_at,timestamp with time zone,NO
ai_quarterly_fundamentals_raw,ticker,text,NO
ai_quarterly_fundamentals_raw,fiscal_date,date,NO
ai_quarterly_fundamentals_raw,calendar_year,integer,YES
ai_quarterly_fundamentals_raw,period,text,NO
ai_quarterly_fundamentals_raw,accepted_date,timestamp with time zone,YES
ai_quarterly_fundamentals_raw,filing_date,date,YES
ai_quarterly_fundamentals_raw,reported_currency,text,YES
ai_quarterly_fundamentals_raw,revenue,numeric,YES
ai_quarterly_fundamentals_raw,gross_profit,numeric,YES
ai_quarterly_fundamentals_raw,operating_income,numeric,YES
ai_quarterly_fundamentals_raw,ebitda,numeric,YES
ai_quarterly_fundamentals_raw,net_income,numeric,YES
ai_quarterly_fundamentals_raw,eps,numeric,YES
ai_quarterly_fundamentals_raw,eps_diluted,numeric,YES
ai_quarterly_fundamentals_raw,weighted_avg_shares_out,numeric,YES
ai_quarterly_fundamentals_raw,weighted_avg_shares_out_dil,numeric,YES
ai_quarterly_fundamentals_raw,cash_and_cash_equivalents,numeric,YES
ai_quarterly_fundamentals_raw,short_term_investments,numeric,YES
ai_quarterly_fundamentals_raw,total_current_assets,numeric,YES
ai_quarterly_fundamentals_raw,total_assets,numeric,YES
ai_quarterly_fundamentals_raw,total_current_liabilities,numeric,YES
ai_quarterly_fundamentals_raw,total_liabilities,numeric,YES
ai_quarterly_fundamentals_raw,total_debt,numeric,YES
ai_quarterly_fundamentals_raw,net_debt,numeric,YES
ai_quarterly_fundamentals_raw,total_equity,numeric,YES
ai_quarterly_fundamentals_raw,retained_earnings,numeric,YES
ai_quarterly_fundamentals_raw,operating_cash_flow,numeric,YES
ai_quarterly_fundamentals_raw,capital_expenditure,numeric,YES
ai_quarterly_fundamentals_raw,free_cash_flow,numeric,YES
ai_quarterly_fundamentals_raw,dividends_paid,numeric,YES
ai_quarterly_fundamentals_raw,stock_based_compensation,numeric,YES
ai_quarterly_fundamentals_raw,enterprise_value,numeric,YES
ai_quarterly_fundamentals_raw,market_cap,numeric,YES
ai_quarterly_fundamentals_raw,pe_ratio,numeric,YES
ai_quarterly_fundamentals_raw,price_to_sales_ratio,numeric,YES
ai_quarterly_fundamentals_raw,ev_to_ebitda,numeric,YES
ai_quarterly_fundamentals_raw,ev_to_sales,numeric,YES
ai_quarterly_fundamentals_raw,fcf_yield,numeric,YES
ai_quarterly_fundamentals_raw,roic_fmp,numeric,YES
ai_quarterly_fundamentals_raw,roe_fmp,numeric,YES
ai_quarterly_fundamentals_raw,debt_to_equity_fmp,numeric,YES
ai_quarterly_fundamentals_raw,current_ratio_fmp,numeric,YES
ai_quarterly_fundamentals_raw,source,text,NO
ai_quarterly_fundamentals_raw,raw_income_json,jsonb,YES
ai_quarterly_fundamentals_raw,raw_balance_json,jsonb,YES
ai_quarterly_fundamentals_raw,raw_cashflow_json,jsonb,YES
ai_quarterly_fundamentals_raw,raw_key_metrics_json,jsonb,YES
ai_quarterly_fundamentals_raw,raw_ratios_json,jsonb,YES
ai_quarterly_fundamentals_raw,raw_enterprise_json,jsonb,YES
ai_quarterly_fundamentals_raw,ingested_at,timestamp with time zone,NO
ai_residual_momentum_v8,run_date_sgt,date,NO
ai_residual_momentum_v8,ticker,text,NO
ai_residual_momentum_v8,company_name,text,YES
ai_residual_momentum_v8,ai_subsector,text,YES
ai_residual_momentum_v8,residual_peer_group,text,YES
ai_residual_momentum_v8,close_price,numeric,YES
ai_residual_momentum_v8,price_20d_ago,numeric,YES
ai_residual_momentum_v8,stock_return_20d,numeric,YES
ai_residual_momentum_v8,peer_return_20d,numeric,YES
ai_residual_momentum_v8,residual_momentum_20d,numeric,YES
ai_residual_momentum_v8,residual_momentum_z,numeric,YES
ai_residual_momentum_v8,residual_momentum_score,numeric,YES
ai_residual_momentum_v8,rank_in_peer_group,integer,YES
ai_residual_momentum_v8,peer_group_size,integer,YES
ai_residual_momentum_v8,signal_label,text,YES
ai_residual_momentum_v8,source,text,YES
ai_residual_momentum_v8,created_at,timestamp with time zone,YES
ai_risk_backtest_events,strategy_name,text,NO
ai_risk_backtest_events,run_date_sgt,date,NO
ai_risk_backtest_events,ticker,text,NO
ai_risk_backtest_events,risk_bucket,text,YES
ai_risk_backtest_events,event_type,text,YES
ai_risk_backtest_events,overall_ai_risk_score,numeric,YES
ai_risk_backtest_events,valuation_score,numeric,YES
ai_risk_backtest_events,momentum_score,numeric,YES
ai_risk_backtest_events,overheating_score,numeric,YES
ai_risk_backtest_events,ai_hype_score,numeric,YES
ai_risk_backtest_events,reversal_score,numeric,YES
ai_risk_backtest_events,momentum_change_5d,numeric,YES
ai_risk_backtest_events,reversal_signal,boolean,YES
ai_risk_backtest_events,close,numeric,YES
ai_risk_backtest_events,return_5d,numeric,YES
ai_risk_backtest_events,return_10d,numeric,YES
ai_risk_backtest_events,return_20d,numeric,YES
ai_risk_backtest_events,created_at,timestamp with time zone,YES
ai_risk_backtest_summary,strategy_name,text,NO
ai_risk_backtest_summary,group_type,text,NO
ai_risk_backtest_summary,group_value,text,NO
ai_risk_backtest_summary,forward_window_days,integer,NO
ai_risk_backtest_summary,sample_size,integer,YES
ai_risk_backtest_summary,avg_forward_return,numeric,YES
ai_risk_backtest_summary,median_forward_return,numeric,YES
ai_risk_backtest_summary,win_rate,numeric,YES
ai_risk_backtest_summary,avg_risk_score,numeric,YES
ai_risk_backtest_summary,start_date,date,YES
ai_risk_backtest_summary,end_date,date,YES
ai_risk_backtest_summary,created_at,timestamp with time zone,YES
ai_stock_backtest_results,signal_date_sgt,date,NO
ai_stock_backtest_results,ticker,text,NO
ai_stock_backtest_results,horizon_days,integer,NO
ai_stock_backtest_results,signal_label,text,YES
ai_stock_backtest_results,valuation_score,numeric,YES
ai_stock_backtest_results,momentum_score,numeric,YES
ai_stock_backtest_results,overheating_score,numeric,YES
ai_stock_backtest_results,overall_ai_risk_score,numeric,YES
ai_stock_backtest_results,entry_date,date,YES
ai_stock_backtest_results,entry_price,numeric,YES
ai_stock_backtest_results,exit_date,date,YES
ai_stock_backtest_results,exit_price,numeric,YES
ai_stock_backtest_results,forward_return_pct,numeric,YES
ai_stock_backtest_results,max_drawdown_pct,numeric,YES
ai_stock_backtest_results,source,text,YES
ai_stock_backtest_results,created_at,timestamp with time zone,YES
ai_stock_backtest_results,momentum_change_5d,numeric,YES
ai_stock_backtest_results,reversal_score,numeric,YES
ai_stock_backtest_results,reversal_signal,boolean,YES
ai_stock_daily_metrics,id,bigint,NO
ai_stock_daily_metrics,metric_date,date,NO
ai_stock_daily_metrics,ticker,text,NO
ai_stock_daily_metrics,company_name,text,YES
ai_stock_daily_metrics,ai_subsector,text,YES
ai_stock_daily_metrics,latest_price,numeric,YES
ai_stock_daily_metrics,previous_close,numeric,YES
ai_stock_daily_metrics,day_change,numeric,YES
ai_stock_daily_metrics,day_change_pct,numeric,YES
ai_stock_daily_metrics,volume,numeric,YES
ai_stock_daily_metrics,momentum_score,numeric,YES
ai_stock_daily_metrics,regime,text,YES
ai_stock_daily_metrics,source,text,YES
ai_stock_daily_metrics,created_at,timestamp with time zone,YES
ai_stock_daily_metrics,ma200,numeric,YES
ai_stock_daily_metrics,valuation_proxy,numeric,YES
ai_stock_daily_metrics,composite_score,numeric,YES
ai_stock_daily_metrics,quadrant,text,YES
ai_stock_fmp_historical_metrics,fiscal_date,date,NO
ai_stock_fmp_historical_metrics,ticker,text,NO
ai_stock_fmp_historical_metrics,calendar_year,text,YES
ai_stock_fmp_historical_metrics,period,text,YES
ai_stock_fmp_historical_metrics,company_name,text,YES
ai_stock_fmp_historical_metrics,ai_subsector,text,YES
ai_stock_fmp_historical_metrics,pe_ratio,numeric,YES
ai_stock_fmp_historical_metrics,ev_ebitda,numeric,YES
ai_stock_fmp_historical_metrics,ev_sales,numeric,YES
ai_stock_fmp_historical_metrics,fcf_yield,numeric,YES
ai_stock_fmp_historical_metrics,revenue_growth,numeric,YES
ai_stock_fmp_historical_metrics,ebitda_growth,numeric,YES
ai_stock_fmp_historical_metrics,fcf_growth,numeric,YES
ai_stock_fmp_historical_metrics,eps_growth,numeric,YES
ai_stock_fmp_historical_metrics,gross_margin,numeric,YES
ai_stock_fmp_historical_metrics,operating_margin,numeric,YES
ai_stock_fmp_historical_metrics,net_margin,numeric,YES
ai_stock_fmp_historical_metrics,roe,numeric,YES
ai_stock_fmp_historical_metrics,roic,numeric,YES
ai_stock_fmp_historical_metrics,debt_to_equity,numeric,YES
ai_stock_fmp_historical_metrics,net_debt_to_ebitda,numeric,YES
ai_stock_fmp_historical_metrics,current_ratio,numeric,YES
ai_stock_fmp_historical_metrics,pe_score,numeric,YES
ai_stock_fmp_historical_metrics,ev_ebitda_score,numeric,YES
ai_stock_fmp_historical_metrics,fcf_yield_score,numeric,YES
ai_stock_fmp_historical_metrics,valuation_score,numeric,YES
ai_stock_fmp_historical_metrics,quality_score,numeric,YES
ai_stock_fmp_historical_metrics,growth_score,numeric,YES
ai_stock_fmp_historical_metrics,fundamental_score,numeric,YES
ai_stock_fmp_historical_metrics,source,text,YES
ai_stock_fmp_historical_metrics,created_at,timestamp with time zone,YES
ai_stock_fmp_quant_metrics,run_date_sgt,date,NO
ai_stock_fmp_quant_metrics,ticker,text,NO
ai_stock_fmp_quant_metrics,company_name,text,YES
ai_stock_fmp_quant_metrics,ai_subsector,text,YES
ai_stock_fmp_quant_metrics,price,numeric,YES
ai_stock_fmp_quant_metrics,market_cap,numeric,YES
ai_stock_fmp_quant_metrics,pe_ratio,numeric,YES
ai_stock_fmp_quant_metrics,ev_ebitda,numeric,YES
ai_stock_fmp_quant_metrics,ev_sales,numeric,YES
ai_stock_fmp_quant_metrics,price_to_sales,numeric,YES
ai_stock_fmp_quant_metrics,price_to_book,numeric,YES
ai_stock_fmp_quant_metrics,fcf_yield,numeric,YES
ai_stock_fmp_quant_metrics,earnings_yield,numeric,YES
ai_stock_fmp_quant_metrics,revenue_growth,numeric,YES
ai_stock_fmp_quant_metrics,net_income_growth,numeric,YES
ai_stock_fmp_quant_metrics,gross_margin,numeric,YES
ai_stock_fmp_quant_metrics,operating_margin,numeric,YES
ai_stock_fmp_quant_metrics,net_margin,numeric,YES
ai_stock_fmp_quant_metrics,roe,numeric,YES
ai_stock_fmp_quant_metrics,roic,numeric,YES
ai_stock_fmp_quant_metrics,debt_to_equity,numeric,YES
ai_stock_fmp_quant_metrics,net_debt_to_ebitda,numeric,YES
ai_stock_fmp_quant_metrics,pe_score,numeric,YES
ai_stock_fmp_quant_metrics,ev_ebitda_score,numeric,YES
ai_stock_fmp_quant_metrics,fcf_yield_score,numeric,YES
ai_stock_fmp_quant_metrics,ev_sales_score,numeric,YES
ai_stock_fmp_quant_metrics,growth_score,numeric,YES
ai_stock_fmp_quant_metrics,quality_score,numeric,YES
ai_stock_fmp_quant_metrics,balance_sheet_score,numeric,YES
ai_stock_fmp_quant_metrics,valuation_score,numeric,YES
ai_stock_fmp_quant_metrics,growth_quality_score,numeric,YES
ai_stock_fmp_quant_metrics,fundamental_score,numeric,YES
ai_stock_fmp_quant_metrics,overvaluation_risk_score,numeric,YES
ai_stock_fmp_quant_metrics,data_quality_score,numeric,YES
ai_stock_fmp_quant_metrics,missing_fields,text,YES
ai_stock_fmp_quant_metrics,source,text,YES
ai_stock_fmp_quant_metrics,created_at,timestamp with time zone,YES
ai_stock_fmp_quant_metrics,revenue,numeric,YES
ai_stock_fmp_quant_metrics,ebitda,numeric,YES
ai_stock_fmp_quant_metrics,free_cash_flow,numeric,YES
ai_stock_fmp_quant_metrics,enterprise_value,numeric,YES
ai_stock_fmp_quant_metrics,revenue_per_ev,numeric,YES
ai_stock_fmp_quant_metrics,ebitda_per_ev,numeric,YES
ai_stock_fmp_quant_metrics,fcf_per_ev,numeric,YES
ai_stock_observations,run_date_sgt,date,NO
ai_stock_observations,ticker,text,NO
ai_stock_observations,metric,text,NO
ai_stock_observations,value,numeric,YES
ai_stock_observations,source,text,YES
ai_stock_observations,created_at,timestamp with time zone,YES
ai_stock_portfolio,run_date_sgt,date,NO
ai_stock_portfolio,ticker,text,NO
ai_stock_portfolio,weight,numeric,YES
ai_stock_portfolio,entry_date,date,YES
ai_stock_portfolio,exit_date,date,YES
ai_stock_portfolio,signal_strength,numeric,YES
ai_stock_portfolio,opportunity_score,numeric,YES
ai_stock_portfolio,risk_overheating_score,numeric,YES
ai_stock_portfolio,trend_score,numeric,YES
ai_stock_portfolio,valuation_score,numeric,YES
ai_stock_portfolio,reversal_score,numeric,YES
ai_stock_portfolio,crowded_trade_flag,boolean,YES
ai_stock_portfolio,final_signal_label,text,YES
ai_stock_portfolio,ai_subsector,text,YES
ai_stock_portfolio,action,text,YES
ai_stock_portfolio,holding_days,integer,YES
ai_stock_portfolio,model_version,text,YES
ai_stock_portfolio,created_at,timestamp with time zone,YES
ai_stock_portfolio_history,run_date_sgt,date,NO
ai_stock_portfolio_history,ticker,text,NO
ai_stock_portfolio_history,action,text,NO
ai_stock_portfolio_history,weight,numeric,YES
ai_stock_portfolio_history,previous_weight,numeric,YES
ai_stock_portfolio_history,entry_date,date,YES
ai_stock_portfolio_history,exit_date,date,YES
ai_stock_portfolio_history,signal_strength,numeric,YES
ai_stock_portfolio_history,opportunity_score,numeric,YES
ai_stock_portfolio_history,risk_overheating_score,numeric,YES
ai_stock_portfolio_history,trend_score,numeric,YES
ai_stock_portfolio_history,valuation_score,numeric,YES
ai_stock_portfolio_history,reversal_score,numeric,YES
ai_stock_portfolio_history,crowded_trade_flag,boolean,YES
ai_stock_portfolio_history,final_signal_label,text,YES
ai_stock_portfolio_history,ai_subsector,text,YES
ai_stock_portfolio_history,holding_days,integer,YES
ai_stock_portfolio_history,exit_reason,text,YES
ai_stock_portfolio_history,model_version,text,YES
ai_stock_portfolio_history,created_at,timestamp with time zone,YES
ai_stock_portfolio_stats,run_date_sgt,date,NO
ai_stock_portfolio_stats,signal_date_sgt,date,YES
ai_stock_portfolio_stats,position_count,integer,YES
ai_stock_portfolio_stats,gross_exposure,numeric,YES
ai_stock_portfolio_stats,cash_weight,numeric,YES
ai_stock_portfolio_stats,turnover,numeric,YES
ai_stock_portfolio_stats,max_weight,numeric,YES
ai_stock_portfolio_stats,regime_market_risk,numeric,YES
ai_stock_portfolio_stats,regime_exposure_multiplier,numeric,YES
ai_stock_portfolio_stats,model_version,text,YES
ai_stock_portfolio_stats,created_at,timestamp with time zone,YES
ai_stock_prices,date,date,NO
ai_stock_prices,ticker,text,NO
ai_stock_prices,close,numeric,YES
ai_stock_prices,volume,numeric,YES
ai_stock_prices,source,text,YES
ai_stock_prices,created_at,timestamp with time zone,YES
ai_stock_prices,open,numeric,YES
ai_stock_prices,high,numeric,YES
ai_stock_prices,low,numeric,YES
ai_stock_returns,run_date_sgt,date,NO
ai_stock_returns,ticker,text,NO
ai_stock_returns,return_5d,numeric,YES
ai_stock_returns,return_10d,numeric,YES
ai_stock_returns,return_20d,numeric,YES
ai_stock_returns,source,text,YES
ai_stock_returns,created_at,timestamp with time zone,YES
ai_stock_returns,return_1d,numeric,YES
ai_stock_scores,run_date_sgt,date,NO
ai_stock_scores,ticker,text,NO
ai_stock_scores,momentum_score,numeric,YES
ai_stock_scores,valuation_score,numeric,YES
ai_stock_scores,overheating_score,numeric,YES
ai_stock_scores,ai_hype_score,numeric,YES
ai_stock_scores,overall_ai_risk_score,numeric,YES
ai_stock_scores,signal_label,text,YES
ai_stock_scores,explanation,text,YES
ai_stock_scores,created_at,timestamp with time zone,YES
ai_stock_scores,momentum_change_5d,numeric,YES
ai_stock_scores,reversal_score,numeric,YES
ai_stock_scores,reversal_signal,boolean,YES
ai_stock_signal_backtest_snapshots,run_date_sgt,date,NO
ai_stock_signal_backtest_snapshots,ticker,text,NO
ai_stock_signal_backtest_snapshots,company_name,text,YES
ai_stock_signal_backtest_snapshots,ai_subsector,text,YES
ai_stock_signal_backtest_snapshots,latest_price,numeric,YES
ai_stock_signal_backtest_snapshots,day_change_pct,numeric,YES
ai_stock_signal_backtest_snapshots,momentum_score,numeric,YES
ai_stock_signal_backtest_snapshots,valuation_proxy,numeric,YES
ai_stock_signal_backtest_snapshots,composite_score,numeric,YES
ai_stock_signal_backtest_snapshots,valuation_score,numeric,YES
ai_stock_signal_backtest_snapshots,growth_quality_score,numeric,YES
ai_stock_signal_backtest_snapshots,fundamental_score,numeric,YES
ai_stock_signal_backtest_snapshots,overvaluation_risk_score,numeric,YES
ai_stock_signal_backtest_snapshots,forward_return_5d_pct,numeric,YES
ai_stock_signal_backtest_snapshots,forward_return_20d_pct,numeric,YES
ai_stock_signal_backtest_snapshots,forward_return_60d_pct,numeric,YES
ai_stock_signal_backtest_snapshots,signal_label,text,YES
ai_stock_signal_backtest_snapshots,explanation,text,YES
ai_stock_signal_backtest_snapshots,source,text,YES
ai_stock_signal_backtest_snapshots,created_at,timestamp with time zone,YES
ai_stock_signal_scores,run_date_sgt,date,NO
ai_stock_signal_scores,ticker,text,NO
ai_stock_signal_scores,momentum_score,numeric,YES
ai_stock_signal_scores,volume_hype_score,numeric,YES
ai_stock_signal_scores,valuation_score,numeric,YES
ai_stock_signal_scores,risk_overheating_score,numeric,YES
ai_stock_signal_scores,composite_score,numeric,YES
ai_stock_signal_scores,signal_label,text,YES
ai_stock_signal_scores,rank_overall,integer,YES
ai_stock_signal_scores,rank_risk,integer,YES
ai_stock_signal_scores,source,text,YES
ai_stock_signal_scores,created_at,timestamp with time zone,YES
ai_stock_signal_scores,momentum_raw,numeric,YES
ai_stock_signal_scores,volatility_20d,numeric,YES
ai_stock_signal_scores,volatility_adjusted_momentum,numeric,YES
ai_stock_signal_scores,reversal_score,numeric,YES
ai_stock_signal_scores,crowded_trade_flag,boolean,YES
ai_stock_signal_scores,trend_score,numeric,YES
ai_stock_signal_scores,reversal_risk_score,numeric,YES
ai_stock_signal_scores,crowded_risk_score,numeric,YES
ai_stock_signal_scores,overheating_score,numeric,YES
ai_stock_signal_scores,opportunity_score,numeric,YES
ai_stock_signal_scores,trend_rank,integer,YES
ai_stock_signal_scores,risk_rank,integer,YES
ai_stock_signal_scores,opportunity_rank,integer,YES
ai_stock_signal_scores,final_signal_label,text,YES
ai_stock_signal_scores,model_version,text,YES
ai_stock_signal_scores_v5,run_date_sgt,date,NO
ai_stock_signal_scores_v5,ticker,text,NO
ai_stock_signal_scores_v5,momentum_score,numeric,YES
ai_stock_signal_scores_v5,volume_hype_score,numeric,YES
ai_stock_signal_scores_v5,valuation_score,numeric,YES
ai_stock_signal_scores_v5,risk_overheating_score,numeric,YES
ai_stock_signal_scores_v5,composite_score,numeric,YES
ai_stock_signal_scores_v5,signal_label,text,YES
ai_stock_signal_scores_v5,rank_overall,integer,YES
ai_stock_signal_scores_v5,rank_risk,integer,YES
ai_stock_signal_scores_v5,source,text,YES
ai_stock_signal_scores_v5,created_at,timestamp with time zone,YES
ai_stock_signal_scores_v5,momentum_raw,numeric,YES
ai_stock_signal_scores_v5,volatility_20d,numeric,YES
ai_stock_signal_scores_v5,volatility_adjusted_momentum,numeric,YES
ai_stock_signal_scores_v5,reversal_score,numeric,YES
ai_stock_signal_scores_v5,crowded_trade_flag,boolean,YES
ai_stock_signal_scores_v5,trend_score,numeric,YES
ai_stock_signal_scores_v5,reversal_risk_score,numeric,YES
ai_stock_signal_scores_v5,crowded_risk_score,numeric,YES
ai_stock_signal_scores_v5,overheating_score,numeric,YES
ai_stock_signal_scores_v5,opportunity_score,numeric,YES
ai_stock_signal_scores_v5,trend_rank,integer,YES
ai_stock_signal_scores_v5,risk_rank,integer,YES
ai_stock_signal_scores_v5,opportunity_rank,integer,YES
ai_stock_signal_scores_v5,final_signal_label,text,YES
ai_stock_signal_scores_v5,model_version,text,YES
ai_stock_signal_scores_v5,hype_score,numeric,YES
ai_stock_signal_scores_v5,hype_run_date,date,YES
ai_stock_signal_scores_v5,hype_regime,text,YES
ai_stock_signal_scores_v5,hype_signal,text,YES
ai_stock_signal_scores_v5,hype_signal_score,numeric,YES
ai_stock_signal_scores_v5,hype_excess,numeric,YES
ai_stock_signal_scores_v5,hype_risk_bump,numeric,YES
ai_stock_signal_scores_v5,hype_composite_penalty,numeric,YES
ai_stock_signal_scores_v5,risk_overheating_score_v47,numeric,YES
ai_stock_signal_scores_v5,composite_score_v47,numeric,YES
ai_stock_signal_scores_v5,extreme_hype_flag,boolean,YES
ai_stock_signal_scores_v6,run_date_sgt,date,NO
ai_stock_signal_scores_v6,ticker,text,NO
ai_stock_signal_scores_v6,company_name,text,YES
ai_stock_signal_scores_v6,ai_subsector,text,YES
ai_stock_signal_scores_v6,momentum_score,numeric,YES
ai_stock_signal_scores_v6,valuation_score,numeric,YES
ai_stock_signal_scores_v6,risk_overheating_score,numeric,YES
ai_stock_signal_scores_v6,hype_score,numeric,YES
ai_stock_signal_scores_v6,composite_score_v5,numeric,YES
ai_stock_signal_scores_v6,subsector_momentum_percentile,numeric,YES
ai_stock_signal_scores_v6,subsector_valuation_percentile,numeric,YES
ai_stock_signal_scores_v6,subsector_quality_percentile,numeric,YES
ai_stock_signal_scores_v6,subsector_hype_reversal_percentile,numeric,YES
ai_stock_signal_scores_v6,subsector_trend_stability_percentile,numeric,YES
ai_stock_signal_scores_v6,relative_momentum_score,numeric,YES
ai_stock_signal_scores_v6,relative_valuation_score,numeric,YES
ai_stock_signal_scores_v6,quality_score,numeric,YES
ai_stock_signal_scores_v6,hype_reversal_score,numeric,YES
ai_stock_signal_scores_v6,trend_stability_score,numeric,YES
ai_stock_signal_scores_v6,final_score_v6,numeric,YES
ai_stock_signal_scores_v6,rank_global_v6,integer,YES
ai_stock_signal_scores_v6,rank_subsector_v6,integer,YES
ai_stock_signal_scores_v6,subsector_count,integer,YES
ai_stock_signal_scores_v6,signal_label_v6,text,YES
ai_stock_signal_scores_v6,source,text,YES
ai_stock_signal_scores_v6,created_at,timestamp with time zone,YES
ai_stock_signal_scores_v7,run_date_sgt,date,NO
ai_stock_signal_scores_v7,ticker,text,NO
ai_stock_signal_scores_v7,company_name,text,YES
ai_stock_signal_scores_v7,ai_subsector,text,NO
ai_stock_signal_scores_v7,relative_momentum_score,numeric,YES
ai_stock_signal_scores_v7,relative_quality_score,numeric,YES
ai_stock_signal_scores_v7,relative_efficiency_score,numeric,YES
ai_stock_signal_scores_v7,relative_valuation_score,numeric,YES
ai_stock_signal_scores_v7,relative_hype_revision_score,numeric,YES
ai_stock_signal_scores_v7,risk_penalty,numeric,YES
ai_stock_signal_scores_v7,alpha_score_v7,numeric,YES
ai_stock_signal_scores_v7,subsector_rank,integer,YES
ai_stock_signal_scores_v7,global_rank,integer,YES
ai_stock_signal_scores_v7,signal_label,text,YES
ai_stock_signal_scores_v7,portfolio_candidate,boolean,YES
ai_stock_signal_scores_v7,source,text,YES
ai_stock_signal_scores_v7,created_at,timestamp with time zone,YES
ai_stock_subsector_relative_scores,run_date_sgt,date,NO
ai_stock_subsector_relative_scores,ticker,text,NO
ai_stock_subsector_relative_scores,company_name,text,YES
ai_stock_subsector_relative_scores,ai_subsector,text,NO
ai_stock_subsector_relative_scores,valuation_score,numeric,YES
ai_stock_subsector_relative_scores,momentum_score,numeric,YES
ai_stock_subsector_relative_scores,overall_ai_risk_score,numeric,YES
ai_stock_subsector_relative_scores,valuation_rank_in_subsector,integer,YES
ai_stock_subsector_relative_scores,momentum_rank_in_subsector,integer,YES
ai_stock_subsector_relative_scores,composite_rank_in_subsector,integer,YES
ai_stock_subsector_relative_scores,valuation_percentile_in_subsector,numeric,YES
ai_stock_subsector_relative_scores,momentum_percentile_in_subsector,numeric,YES
ai_stock_subsector_relative_scores,composite_percentile_in_subsector,numeric,YES
ai_stock_subsector_relative_scores,valuation_zscore_in_subsector,numeric,YES
ai_stock_subsector_relative_scores,momentum_zscore_in_subsector,numeric,YES
ai_stock_subsector_relative_scores,composite_zscore_in_subsector,numeric,YES
ai_stock_subsector_relative_scores,relative_valuation_score,numeric,YES
ai_stock_subsector_relative_scores,relative_momentum_score,numeric,YES
ai_stock_subsector_relative_scores,relative_composite_score,numeric,YES
ai_stock_subsector_relative_scores,subsector_count,integer,YES
ai_stock_subsector_relative_scores,created_at,timestamp with time zone,YES
ai_stock_subsector_relative_scores,relative_opportunity_score,numeric,YES
ai_stock_universe,ticker,text,NO
ai_stock_universe,company_name,text,NO
ai_stock_universe,ai_subsector,text,NO
ai_stock_universe,asset_class,text,NO
ai_stock_universe,theme,text,NO
ai_stock_universe,is_active,boolean,NO
ai_stock_universe,created_at,timestamp with time zone,YES
ai_stock_universe,residual_peer_group,text,YES
ai_stock_universe,market_cap_bucket,text,YES
ai_stock_universe,liquidity_bucket,text,YES
ai_stock_universe,institutional_priority,integer,YES
ai_stock_valuation_metrics,run_date_sgt,date,NO
ai_stock_valuation_metrics,ticker,text,NO
ai_stock_valuation_metrics,pe_ratio,numeric,YES
ai_stock_valuation_metrics,ev_ebitda,numeric,YES
ai_stock_valuation_metrics,fcf_yield,numeric,YES
ai_stock_valuation_metrics,pe_score,numeric,YES
ai_stock_valuation_metrics,ev_ebitda_score,numeric,YES
ai_stock_valuation_metrics,fcf_yield_score,numeric,YES
ai_stock_valuation_metrics,valuation_score,numeric,YES
ai_stock_valuation_metrics,overvaluation_risk_score,numeric,YES
ai_stock_valuation_metrics,valuation_regime,text,YES
ai_stock_valuation_metrics,missing_metrics,text,YES
ai_stock_valuation_metrics,source,text,YES
ai_stock_valuation_metrics,created_at,timestamp with time zone,YES
ai_subsector_daily_metrics,id,bigint,NO
ai_subsector_daily_metrics,metric_date,date,NO
ai_subsector_daily_metrics,ai_subsector,text,NO
ai_subsector_daily_metrics,stock_count,integer,YES
ai_subsector_daily_metrics,avg_valuation_proxy,numeric,YES
ai_subsector_daily_metrics,min_valuation_proxy,numeric,YES
ai_subsector_daily_metrics,max_valuation_proxy,numeric,YES
ai_subsector_daily_metrics,valuation_dispersion,numeric,YES
ai_subsector_daily_metrics,avg_momentum_score,numeric,YES
ai_subsector_daily_metrics,avg_composite_score,numeric,YES
ai_subsector_daily_metrics,avg_day_change_pct,numeric,YES
ai_subsector_daily_metrics,valuation_regime,text,YES
ai_subsector_daily_metrics,subsector_regime,text,YES
ai_subsector_daily_metrics,created_at,timestamp with time zone,YES
ai_subsector_fmp_quant_metrics,run_date_sgt,date,NO
ai_subsector_fmp_quant_metrics,ai_subsector,text,NO
ai_subsector_fmp_quant_metrics,stock_count,integer,YES
ai_subsector_fmp_quant_metrics,avg_valuation_score,numeric,YES
ai_subsector_fmp_quant_metrics,avg_growth_quality_score,numeric,YES
ai_subsector_fmp_quant_metrics,avg_fundamental_score,numeric,YES
ai_subsector_fmp_quant_metrics,avg_overvaluation_risk_score,numeric,YES
ai_subsector_fmp_quant_metrics,avg_data_quality_score,numeric,YES
ai_subsector_fmp_quant_metrics,weakest_ticker,text,YES
ai_subsector_fmp_quant_metrics,strongest_ticker,text,YES
ai_subsector_fmp_quant_metrics,created_at,timestamp with time zone,YES
ai_transmission_backtest_results,id,bigint,NO
ai_transmission_backtest_results,backtest_run_date_sgt,date,NO
ai_transmission_backtest_results,strategy_name,text,NO
ai_transmission_backtest_results,rebalance_frequency,text,YES
ai_transmission_backtest_results,start_date,date,NO
ai_transmission_backtest_results,end_date,date,NO
ai_transmission_backtest_results,long_bucket,text,YES
ai_transmission_backtest_results,short_bucket,text,YES
ai_transmission_backtest_results,total_return,numeric,YES
ai_transmission_backtest_results,cagr,numeric,YES
ai_transmission_backtest_results,volatility,numeric,YES
ai_transmission_backtest_results,sharpe_ratio,numeric,YES
ai_transmission_backtest_results,max_drawdown,numeric,YES
ai_transmission_backtest_results,hit_rate,numeric,YES
ai_transmission_backtest_results,avg_forward_return,numeric,YES
ai_transmission_backtest_results,observations,integer,YES
ai_transmission_backtest_results,notes,text,YES
ai_transmission_backtest_results,raw_payload,jsonb,YES
ai_transmission_backtest_results,created_at,timestamp with time zone,NO
ai_transmission_map,id,bigint,NO
ai_transmission_map,ai_subsector,text,NO
ai_transmission_map,affected_sector,text,NO
ai_transmission_map,affected_subsector,text,YES
ai_transmission_map,affected_ticker,text,YES
ai_transmission_map,affected_company,text,YES
ai_transmission_map,transmission_direction,text,NO
ai_transmission_map,transmission_type,text,NO
ai_transmission_map,exposure_description,text,YES
ai_transmission_map,transmission_thesis,text,YES
ai_transmission_map,base_strength_score,numeric,YES
ai_transmission_map,confidence_score,numeric,YES
ai_transmission_map,is_active,boolean,NO
ai_transmission_map,created_at,timestamp with time zone,NO
ai_transmission_map,updated_at,timestamp with time zone,NO
ai_transmission_observations,id,bigint,NO
ai_transmission_observations,run_date_sgt,date,NO
ai_transmission_observations,map_id,bigint,NO
ai_transmission_observations,affected_ticker,text,YES
ai_transmission_observations,affected_company,text,YES
ai_transmission_observations,evidence_source,text,YES
ai_transmission_observations,evidence_title,text,YES
ai_transmission_observations,evidence_url,text,YES
ai_transmission_observations,evidence_summary,text,YES
ai_transmission_observations,ai_relevance_score,numeric,YES
ai_transmission_observations,impact_magnitude_score,numeric,YES
ai_transmission_observations,sentiment_score,numeric,YES
ai_transmission_observations,confidence_score,numeric,YES
ai_transmission_observations,raw_payload,jsonb,YES
ai_transmission_observations,created_at,timestamp with time zone,NO
ai_transmission_scores,id,bigint,NO
ai_transmission_scores,run_date_sgt,date,NO
ai_transmission_scores,map_id,bigint,NO
ai_transmission_scores,ai_subsector,text,NO
ai_transmission_scores,affected_sector,text,NO
ai_transmission_scores,affected_subsector,text,YES
ai_transmission_scores,affected_ticker,text,YES
ai_transmission_scores,affected_company,text,YES
ai_transmission_scores,transmission_direction,text,NO
ai_transmission_scores,transmission_type,text,NO
ai_transmission_scores,exposure_score,numeric,YES
ai_transmission_scores,evidence_score,numeric,YES
ai_transmission_scores,sentiment_score,numeric,YES
ai_transmission_scores,market_confirmation_score,numeric,YES
ai_transmission_scores,confidence_score,numeric,YES
ai_transmission_scores,transmission_score,numeric,YES
ai_transmission_scores,transmission_regime,text,YES
ai_transmission_scores,signal_label,text,YES
ai_transmission_scores,rank_overall,integer,YES
ai_transmission_scores,rank_sector,integer,YES
ai_transmission_scores,source,text,NO
ai_transmission_scores,created_at,timestamp with time zone,NO
ai_valuation_inputs,run_date_sgt,date,NO
ai_valuation_inputs,ticker,text,NO
ai_valuation_inputs,forward_pe,numeric,YES
ai_valuation_inputs,ev_sales,numeric,YES
ai_valuation_inputs,revenue_growth,numeric,YES
ai_valuation_inputs,notes,text,YES
ai_valuation_inputs,created_at,timestamp with time zone,YES
ai_valuation_inputs,pe_ratio,numeric,YES
ai_valuation_inputs,ev_ebitda,numeric,YES
ai_valuation_inputs,fcf_yield,numeric,YES
ai_valuation_inputs,valuation_score,numeric,YES
ai_valuation_inputs,growth_quality_score,numeric,YES
ai_valuation_inputs,fundamental_score,numeric,YES
ai_valuation_inputs,overvaluation_risk_score,numeric,YES
ai_valuation_inputs,data_quality_score,numeric,YES
ai_valuation_inputs,source,text,YES
ai_valuation_inputs,revenue_per_ev,numeric,YES
ai_valuation_inputs,ebitda_per_ev,numeric,YES
ai_valuation_inputs,fcf_per_ev,numeric,YES
commodity_observations,id,bigint,NO
commodity_observations,run_date_sgt,date,NO
commodity_observations,created_at,timestamp with time zone,YES
commodity_observations,commodity,text,NO
commodity_observations,symbol,text,NO
commodity_observations,source,text,YES
commodity_observations,price,numeric,YES
commodity_observations,daily_change_pct,numeric,YES
commodity_observations,momentum_score,numeric,YES
commodity_observations,stress_score,numeric,YES
commodity_observations,signal_label,text,YES
commodity_observations,explanation,text,YES
commodity_observations,return_20d_pct,numeric,YES
commodity_observations,price_vs_50dma_pct,numeric,YES
commodity_observations,price_vs_200dma_pct,numeric,YES
daily_bubble_dashboard,id,bigint,NO
daily_bubble_dashboard,run_date_sgt,date,NO
daily_bubble_dashboard,volatility_complacency_score,numeric,YES
daily_bubble_dashboard,credit_excess_score,numeric,YES
daily_bubble_dashboard,combined_risk_score,numeric,YES
daily_bubble_dashboard,regime,text,YES
daily_bubble_dashboard,created_at,timestamp with time zone,YES
daily_indicator_scores,id,bigint,NO
daily_indicator_scores,run_date_sgt,date,NO
daily_indicator_scores,series_id,text,NO
daily_indicator_scores,series_name,text,YES
daily_indicator_scores,category,text,YES
daily_indicator_scores,latest_date,date,YES
daily_indicator_scores,latest_value,numeric,YES
daily_indicator_scores,percentile,numeric,YES
daily_indicator_scores,score,numeric,YES
daily_indicator_scores,regime,text,YES
daily_indicator_scores,created_at,timestamp with time zone,YES
daily_indicator_scores,asset,text,YES
daily_indicator_scores,asset_class,text,YES
daily_signal_scores,id,bigint,NO
daily_signal_scores,run_date_sgt,date,NO
daily_signal_scores,valuation_score,numeric,YES
daily_signal_scores,macro_score,numeric,YES
daily_signal_scores,stress_score,numeric,YES
daily_signal_scores,momentum_score,numeric,YES
daily_signal_scores,sentiment_score,numeric,YES
daily_signal_scores,overall_risk_score,numeric,YES
daily_signal_scores,signal_label,text,YES
daily_signal_scores,action_bias,text,YES
daily_signal_scores,key_drivers,text,YES
daily_signal_scores,created_at,timestamp with time zone,YES
daily_signal_scores,signal_explanation,text,YES
daily_signal_scores,recommended_watchlist,text,YES
daily_signal_scores,top_risk_driver,text,YES
dashboard_alert_facts,run_id,text,NO
dashboard_alert_facts,run_date_sgt,text,NO
dashboard_alert_facts,entity_id,text,NO
dashboard_alert_facts,ticker,text,NO
dashboard_alert_facts,subsector,text,NO
dashboard_alert_facts,alert_state,text,NO
dashboard_alert_facts,alert_severity_band,text,NO
dashboard_alert_facts,active_alert_flag,boolean,NO
dashboard_alert_facts,dominant_alert_driver,text,NO
dashboard_alert_facts,evidence_quality_flag,text,NO
dashboard_alert_facts,replay_checksum,text,NO
dashboard_alert_facts,deterioration_label,text,YES
dashboard_alert_facts,alert_explanation_template_id,text,YES
dashboard_alert_facts,severity,text,YES
dashboard_alert_facts,alert_score,double precision,YES
dashboard_alert_facts,as_of_sgt,text,YES
dashboard_alert_facts,sample_data_flag,boolean,YES
dashboard_benchmark_facts,run_id,text,NO
dashboard_benchmark_facts,run_date_sgt,text,NO
dashboard_benchmark_facts,entity_id,text,NO
dashboard_benchmark_facts,ticker,text,NO
dashboard_benchmark_facts,subsector,text,NO
dashboard_benchmark_facts,benchmark_id,text,NO
dashboard_benchmark_facts,entity_fragility_score,double precision,NO
dashboard_benchmark_facts,benchmark_fragility_score,double precision,NO
dashboard_benchmark_facts,relative_gap,double precision,NO
dashboard_benchmark_facts,relative_gap_band,text,NO
dashboard_benchmark_facts,benchmark_relative_label,text,NO
dashboard_benchmark_facts,outlier_flag,boolean,NO
dashboard_benchmark_facts,replay_checksum,text,NO
dashboard_benchmark_facts,benchmark_score,double precision,YES
dashboard_benchmark_facts,benchmark_label,text,YES
dashboard_benchmark_facts,as_of_sgt,text,YES
dashboard_benchmark_facts,sample_data_flag,boolean,YES
dashboard_certification_reports,run_id,text,NO
dashboard_certification_reports,run_date_sgt,text,NO
dashboard_certification_reports,certification_status,text,NO
dashboard_certification_reports,report_type,text,NO
dashboard_certification_reports,export_manifest_checksum,text,NO
dashboard_certification_reports,report_id,text,YES
dashboard_certification_reports,certification_state,text,YES
dashboard_certification_reports,schema_version,text,YES
dashboard_certification_reports,module_version,text,YES
dashboard_certification_reports,entity_fact_count,integer,YES
dashboard_certification_reports,subsector_fact_count,integer,YES
dashboard_certification_reports,alert_fact_count,integer,YES
dashboard_certification_reports,replay_fact_count,integer,YES
dashboard_certification_reports,benchmark_fact_count,integer,YES
dashboard_certification_reports,evidence_fact_count,integer,YES
dashboard_certification_reports,generated_at_sgt,text,YES
dashboard_certification_reports,as_of_sgt,text,YES
dashboard_certification_reports,sample_data_flag,boolean,YES
dashboard_entity_facts,run_id,text,NO
dashboard_entity_facts,run_date_sgt,text,NO
dashboard_entity_facts,entity_id,text,NO
dashboard_entity_facts,entity_name,text,NO
dashboard_entity_facts,ticker,text,NO
dashboard_entity_facts,subsector,text,NO
dashboard_entity_facts,composite_score,double precision,NO
dashboard_entity_facts,relative_fragility_band,text,NO
dashboard_entity_facts,alert_state,text,NO
dashboard_entity_facts,benchmark_relative_label,text,NO
dashboard_entity_facts,evidence_quality_flag,text,NO
dashboard_entity_facts,certification_status,text,NO
dashboard_entity_facts,replay_checksum,text,NO
dashboard_entity_facts,valuation_stretch_score,double precision,YES
dashboard_entity_facts,fundamental_support_score,double precision,YES
dashboard_entity_facts,narrative_saturation_score,double precision,YES
dashboard_entity_facts,certainty_fragility_score,double precision,YES
dashboard_entity_facts,structural_weakness_score,double precision,YES
dashboard_entity_facts,relative_fragility_rank,integer,YES
dashboard_entity_facts,asymmetry_label,text,YES
dashboard_entity_facts,dominant_driver,text,YES
dashboard_entity_facts,expectation_failure_score,double precision,YES
dashboard_entity_facts,risk_label,text,YES
dashboard_entity_facts,as_of_sgt,text,YES
dashboard_entity_facts,sample_data_flag,boolean,YES
dashboard_evidence_facts,run_id,text,NO
dashboard_evidence_facts,run_date_sgt,text,NO
dashboard_evidence_facts,entity_id,text,NO
dashboard_evidence_facts,ticker,text,NO
dashboard_evidence_facts,evidence_id,text,NO
dashboard_evidence_facts,evidence_type,text,NO
dashboard_evidence_facts,source_metric,text,NO
dashboard_evidence_facts,source_value,double precision,NO
dashboard_evidence_facts,normalized_score,double precision,NO
dashboard_evidence_facts,quality_flag,text,NO
dashboard_evidence_facts,evidence_chain_position,integer,NO
dashboard_evidence_facts,template_id,text,NO
dashboard_evidence_facts,replay_checksum,text,NO
dashboard_evidence_facts,confidence_score,double precision,YES
dashboard_evidence_facts,as_of_sgt,text,YES
dashboard_evidence_facts,sample_data_flag,boolean,YES
dashboard_evidence_map_records,record_id,text,NO
dashboard_evidence_map_records,record_type,text,NO
dashboard_evidence_map_records,source_payload_checksum,text,YES
dashboard_evidence_map_records,export_checksum,text,YES
dashboard_evidence_map_records,created_at,timestamp with time zone,NO
dashboard_evidence_map_records,updated_at,timestamp with time zone,NO
dashboard_evidence_map_records,payload,jsonb,NO
dashboard_evidence_map_records,lineage_refs,jsonb,NO
dashboard_evidence_map_records,evidence_refs,jsonb,NO
dashboard_evidence_map_records,governance_notes,jsonb,NO
dashboard_evidence_map_records,replay_metadata,jsonb,NO
dashboard_evidence_map_records,finding_id,text,YES
dashboard_evidence_map_records,evidence_ref,text,YES
dashboard_export_manifests,record_id,text,NO
dashboard_export_manifests,record_type,text,NO
dashboard_export_manifests,source_payload_checksum,text,YES
dashboard_export_manifests,export_checksum,text,YES
dashboard_export_manifests,created_at,timestamp with time zone,NO
dashboard_export_manifests,updated_at,timestamp with time zone,NO
dashboard_export_manifests,payload,jsonb,NO
dashboard_export_manifests,lineage_refs,jsonb,NO
dashboard_export_manifests,evidence_refs,jsonb,NO
dashboard_export_manifests,governance_notes,jsonb,NO
dashboard_export_manifests,replay_metadata,jsonb,NO
dashboard_export_manifests,manifest_id,text,YES
dashboard_export_manifests,manifest_checksum,text,YES
dashboard_finding_records,record_id,text,NO
dashboard_finding_records,record_type,text,NO
dashboard_finding_records,source_payload_checksum,text,YES
dashboard_finding_records,export_checksum,text,YES
dashboard_finding_records,created_at,timestamp with time zone,NO
dashboard_finding_records,updated_at,timestamp with time zone,NO
dashboard_finding_records,payload,jsonb,NO
dashboard_finding_records,lineage_refs,jsonb,NO
dashboard_finding_records,evidence_refs,jsonb,NO
dashboard_finding_records,governance_notes,jsonb,NO
dashboard_finding_records,replay_metadata,jsonb,NO
dashboard_finding_records,finding_id,text,NO
dashboard_finding_records,finding_type,text,YES
dashboard_finding_records,finding_title,text,YES
dashboard_finding_records,finding_severity,text,YES
dashboard_finding_records,finding_direction,text,YES
dashboard_finding_records,confidence_label,text,YES
dashboard_governance_records,record_id,text,NO
dashboard_governance_records,record_type,text,NO
dashboard_governance_records,source_payload_checksum,text,YES
dashboard_governance_records,export_checksum,text,YES
dashboard_governance_records,created_at,timestamp with time zone,NO
dashboard_governance_records,updated_at,timestamp with time zone,NO
dashboard_governance_records,payload,jsonb,NO
dashboard_governance_records,lineage_refs,jsonb,NO
dashboard_governance_records,evidence_refs,jsonb,NO
dashboard_governance_records,governance_notes,jsonb,NO
dashboard_governance_records,replay_metadata,jsonb,NO
dashboard_governance_records,governance_status,text,YES
dashboard_governance_records,forbidden_capabilities,jsonb,NO
dashboard_narrative_records,record_id,text,NO
dashboard_narrative_records,record_type,text,NO
dashboard_narrative_records,source_payload_checksum,text,YES
dashboard_narrative_records,export_checksum,text,YES
dashboard_narrative_records,created_at,timestamp with time zone,NO
dashboard_narrative_records,updated_at,timestamp with time zone,NO
dashboard_narrative_records,payload,jsonb,NO
dashboard_narrative_records,lineage_refs,jsonb,NO
dashboard_narrative_records,evidence_refs,jsonb,NO
dashboard_narrative_records,governance_notes,jsonb,NO
dashboard_narrative_records,replay_metadata,jsonb,NO
dashboard_narrative_records,narrative_section,text,NO
dashboard_narrative_records,related_finding_ids,jsonb,NO
dashboard_persistence_audit_records,record_id,text,NO
dashboard_persistence_audit_records,record_type,text,NO
dashboard_persistence_audit_records,source_payload_checksum,text,YES
dashboard_persistence_audit_records,export_checksum,text,YES
dashboard_persistence_audit_records,created_at,timestamp with time zone,NO
dashboard_persistence_audit_records,updated_at,timestamp with time zone,NO
dashboard_persistence_audit_records,payload,jsonb,NO
dashboard_persistence_audit_records,lineage_refs,jsonb,NO
dashboard_persistence_audit_records,evidence_refs,jsonb,NO
dashboard_persistence_audit_records,governance_notes,jsonb,NO
dashboard_persistence_audit_records,replay_metadata,jsonb,NO
dashboard_persistence_audit_records,audit_id,text,YES
dashboard_persistence_audit_records,batch_id,text,YES
dashboard_persistence_audit_records,target_table,text,YES
dashboard_persistence_audit_records,write_status,text,YES
dashboard_replay_facts,run_id,text,NO
dashboard_replay_facts,replay_date_sgt,text,NO
dashboard_replay_facts,entity_id,text,NO
dashboard_replay_facts,ticker,text,NO
dashboard_replay_facts,subsector,text,NO
dashboard_replay_facts,composite_score,double precision,NO
dashboard_replay_facts,fragility_band,text,NO
dashboard_replay_facts,alert_state,text,NO
dashboard_replay_facts,deterioration_label,text,NO
dashboard_replay_facts,replay_sequence,integer,NO
dashboard_replay_facts,replay_checksum,text,NO
dashboard_replay_facts,benchmark_relative_label,text,YES
dashboard_replay_facts,replay_score,double precision,YES
dashboard_replay_facts,as_of_sgt,text,YES
dashboard_replay_facts,sample_data_flag,boolean,YES
dashboard_replay_facts,replay_batch_id,text,YES
dashboard_replay_metadata_records,record_id,text,NO
dashboard_replay_metadata_records,record_type,text,NO
dashboard_replay_metadata_records,source_payload_checksum,text,YES
dashboard_replay_metadata_records,export_checksum,text,YES
dashboard_replay_metadata_records,created_at,timestamp with time zone,NO
dashboard_replay_metadata_records,updated_at,timestamp with time zone,NO
dashboard_replay_metadata_records,payload,jsonb,NO
dashboard_replay_metadata_records,lineage_refs,jsonb,NO
dashboard_replay_metadata_records,evidence_refs,jsonb,NO
dashboard_replay_metadata_records,governance_notes,jsonb,NO
dashboard_replay_metadata_records,replay_metadata,jsonb,NO
dashboard_replay_metadata_records,replay_id,text,YES
dashboard_replay_metadata_records,replay_checksum,text,YES
dashboard_run_manifests,run_id,text,NO
dashboard_run_manifests,checksum,text,NO
dashboard_run_manifests,run_date_sgt,text,NO
dashboard_run_manifests,schema_version,text,NO
dashboard_run_manifests,module_version,text,NO
dashboard_run_manifests,export_groups,jsonb,YES
dashboard_run_manifests,record_counts,jsonb,YES
dashboard_run_manifests,deterministic_sort_keys,jsonb,YES
dashboard_run_manifests,invariant_flags,jsonb,YES
dashboard_run_manifests,sample_data_flag,boolean,YES
dashboard_subsector_facts,run_id,text,NO
dashboard_subsector_facts,run_date_sgt,text,NO
dashboard_subsector_facts,subsector,text,NO
dashboard_subsector_facts,entity_count,integer,NO
dashboard_subsector_facts,avg_composite_score,double precision,NO
dashboard_subsector_facts,fragile_entity_count,integer,NO
dashboard_subsector_facts,alert_entity_count,integer,NO
dashboard_subsector_facts,subsector_fragility_band,text,NO
dashboard_subsector_facts,evidence_quality_summary,text,NO
dashboard_subsector_facts,replay_checksum,text,NO
dashboard_subsector_facts,max_composite_score,double precision,YES
dashboard_subsector_facts,dominant_subsector_driver,text,YES
dashboard_subsector_facts,cluster_label,text,YES
dashboard_subsector_facts,subsector_id,text,YES
dashboard_subsector_facts,subsector_score,double precision,YES
dashboard_subsector_facts,risk_label,text,YES
dashboard_subsector_facts,as_of_sgt,text,YES
dashboard_subsector_facts,sample_data_flag,boolean,YES
dashboard_supervisor_panel_records,record_id,text,NO
dashboard_supervisor_panel_records,record_type,text,NO
dashboard_supervisor_panel_records,source_payload_checksum,text,YES
dashboard_supervisor_panel_records,export_checksum,text,YES
dashboard_supervisor_panel_records,created_at,timestamp with time zone,NO
dashboard_supervisor_panel_records,updated_at,timestamp with time zone,NO
dashboard_supervisor_panel_records,payload,jsonb,NO
dashboard_supervisor_panel_records,lineage_refs,jsonb,NO
dashboard_supervisor_panel_records,evidence_refs,jsonb,NO
dashboard_supervisor_panel_records,governance_notes,jsonb,NO
dashboard_supervisor_panel_records,replay_metadata,jsonb,NO
dashboard_supervisor_panel_records,panel_name,text,YES
dashboard_supervisor_panel_records,panel_status,text,YES
historical_ai_transmission_scores,id,bigint,NO
historical_ai_transmission_scores,run_date_sgt,date,NO
historical_ai_transmission_scores,map_id,bigint,NO
historical_ai_transmission_scores,ai_subsector,text,NO
historical_ai_transmission_scores,affected_sector,text,NO
historical_ai_transmission_scores,affected_subsector,text,YES
historical_ai_transmission_scores,affected_ticker,text,YES
historical_ai_transmission_scores,affected_company,text,YES
historical_ai_transmission_scores,reconstructed_momentum_score,numeric,YES
historical_ai_transmission_scores,reconstructed_factor_score,numeric,YES
historical_ai_transmission_scores,reconstructed_observation_score,numeric,YES
historical_ai_transmission_scores,persistence_score,numeric,YES
historical_ai_transmission_scores,transmission_score,numeric,YES
historical_ai_transmission_scores,transmission_regime,text,YES
historical_ai_transmission_scores,confidence_score,numeric,YES
historical_ai_transmission_scores,reconstruction_method,text,NO
historical_ai_transmission_scores,created_at,timestamp with time zone,NO
historical_backfill_telemetry,id,bigint,NO
historical_backfill_telemetry,run_timestamp_sgt,timestamp with time zone,NO
historical_backfill_telemetry,process_name,text,NO
historical_backfill_telemetry,lookback_days,integer,YES
historical_backfill_telemetry,dates_processed,integer,YES
historical_backfill_telemetry,rows_written,integer,YES
historical_backfill_telemetry,chunk_count,integer,YES
historical_backfill_telemetry,runtime_seconds,numeric,YES
historical_backfill_telemetry,warnings,integer,YES
historical_backfill_telemetry,failures,integer,YES
historical_backfill_telemetry,coverage_ratio,numeric,YES
historical_backfill_telemetry,status,text,YES
historical_backfill_telemetry,message,text,YES
historical_structural_theme_scores,id,bigint,NO
historical_structural_theme_scores,run_date_sgt,date,NO
historical_structural_theme_scores,theme_name,text,NO
historical_structural_theme_scores,ticker,text,NO
historical_structural_theme_scores,reconstructed_factor_score,numeric,YES
historical_structural_theme_scores,reconstructed_momentum_score,numeric,YES
historical_structural_theme_scores,persistence_score,numeric,YES
historical_structural_theme_scores,interaction_continuity_score,numeric,YES
historical_structural_theme_scores,theme_score,numeric,YES
historical_structural_theme_scores,theme_regime,text,YES
historical_structural_theme_scores,confidence_score,numeric,YES
historical_structural_theme_scores,reconstruction_method,text,NO
historical_structural_theme_scores,created_at,timestamp with time zone,NO
market_news,id,bigint,NO
market_news,run_date_sgt,date,NO
market_news,title,text,YES
market_news,url,text,YES
market_news,source,text,YES
market_news,published_at,timestamp with time zone,YES
market_news,summary,text,YES
market_news,sentiment_label,text,YES
market_news,risk_score,numeric,YES
market_news,key_risk_tags,text,YES
market_news,created_at,timestamp with time zone,YES
market_observations,id,bigint,NO
market_observations,run_date_sgt,date,NO
market_observations,asset,text,NO
market_observations,metric,text,NO
market_observations,value,numeric,YES
market_observations,source,text,YES
market_observations,created_at,timestamp with time zone,YES
pipeline_run_freshness_v,run_id,text,YES
pipeline_run_freshness_v,parent_run_id,text,YES
pipeline_run_freshness_v,workflow_name,text,YES
pipeline_run_freshness_v,phase,text,YES
pipeline_run_freshness_v,runtime_layer,text,YES
pipeline_run_freshness_v,run_mode,text,YES
pipeline_run_freshness_v,status,text,YES
pipeline_run_freshness_v,dependency_status,text,YES
pipeline_run_freshness_v,run_date_sgt,date,YES
pipeline_run_freshness_v,started_at,timestamp with time zone,YES
pipeline_run_freshness_v,completed_at,timestamp with time zone,YES
pipeline_run_freshness_v,latency_ms,bigint,YES
pipeline_run_freshness_v,upstream_workflows,ARRAY,YES
pipeline_run_freshness_v,upstream_tables,ARRAY,YES
pipeline_run_freshness_v,downstream_tables,ARRAY,YES
pipeline_run_freshness_v,tables_written,ARRAY,YES
pipeline_run_freshness_v,row_count,bigint,YES
pipeline_run_freshness_v,expected_row_count,bigint,YES
pipeline_run_freshness_v,row_count_coverage_pct,numeric,YES
pipeline_run_freshness_v,freshness_reference_at,timestamp with time zone,YES
pipeline_run_freshness_v,minutes_since_completed,numeric,YES
pipeline_run_freshness_v,minutes_since_freshness_reference,numeric,YES
pipeline_run_freshness_v,error_class,text,YES
pipeline_run_freshness_v,error_message,text,YES
pipeline_run_freshness_v,metadata,jsonb,YES
pipeline_run_freshness_v,created_at,timestamp with time zone,YES
pipeline_run_freshness_v,updated_at,timestamp with time zone,YES
pipeline_run_lineage,id,bigint,NO
pipeline_run_lineage,run_id,text,NO
pipeline_run_lineage,parent_run_id,text,YES
pipeline_run_lineage,workflow_name,text,NO
pipeline_run_lineage,phase,text,YES
pipeline_run_lineage,runtime_layer,text,NO
pipeline_run_lineage,run_mode,text,NO
pipeline_run_lineage,status,text,NO
pipeline_run_lineage,dependency_status,text,NO
pipeline_run_lineage,run_date_sgt,date,NO
pipeline_run_lineage,started_at,timestamp with time zone,NO
pipeline_run_lineage,completed_at,timestamp with time zone,YES
pipeline_run_lineage,latency_ms,bigint,YES
pipeline_run_lineage,upstream_workflows,ARRAY,NO
pipeline_run_lineage,upstream_tables,ARRAY,NO
pipeline_run_lineage,downstream_tables,ARRAY,NO
pipeline_run_lineage,tables_written,ARRAY,NO
pipeline_run_lineage,row_count,bigint,YES
pipeline_run_lineage,expected_row_count,bigint,YES
pipeline_run_lineage,freshness_reference_at,timestamp with time zone,YES
pipeline_run_lineage,error_class,text,YES
pipeline_run_lineage,error_message,text,YES
pipeline_run_lineage,metadata,jsonb,NO
pipeline_run_lineage,created_at,timestamp with time zone,NO
pipeline_run_lineage,updated_at,timestamp with time zone,NO
platform_workflow_observability_history,id,bigint,NO
platform_workflow_observability_history,run_date_sgt,date,YES
platform_workflow_observability_history,workflow_name,text,YES
platform_workflow_observability_history,run_id,text,YES
platform_workflow_observability_history,repository,text,YES
platform_workflow_observability_history,branch_name,text,YES
platform_workflow_observability_history,run_mode,text,YES
platform_workflow_observability_history,theme_name,text,YES
platform_workflow_observability_history,pipeline_status,text,YES
platform_workflow_observability_history,validation_status,text,YES
platform_workflow_observability_history,runtime_seconds,numeric,YES
platform_workflow_observability_history,warnings_count,integer,YES
platform_workflow_observability_history,errors_count,integer,YES
platform_workflow_observability_history,hard_fail_count,integer,YES
platform_workflow_observability_history,health_score,numeric,YES
platform_workflow_observability_history,trend_regime,text,YES
platform_workflow_observability_history,runtime_drift_regime,text,YES
platform_workflow_observability_history,execution_consistency,text,YES
platform_workflow_observability_history,execution_context,jsonb,YES
platform_workflow_observability_history,validation_summary,jsonb,YES
platform_workflow_observability_history,telemetry_context_snapshot,jsonb,YES
platform_workflow_observability_history,platform_operational_summary,jsonb,YES
platform_workflow_observability_history,platform_operational_trend_summary,jsonb,YES
platform_workflow_observability_history,platform_workflow_health_score,jsonb,YES
platform_workflow_observability_history,created_at,timestamp with time zone,NO
platform_workflow_observability_history,updated_at,timestamp with time zone,NO
production_pipeline_runs,id,bigint,NO
production_pipeline_runs,run_timestamp_sgt,timestamp with time zone,NO
production_pipeline_runs,run_date_sgt,date,NO
production_pipeline_runs,pipeline_name,text,NO
production_pipeline_runs,status,text,NO
production_pipeline_runs,runtime_seconds,numeric,YES
production_pipeline_runs,signal_rows,integer,YES
production_pipeline_runs,portfolio_rows,integer,YES
production_pipeline_runs,subsectors,integer,YES
production_pipeline_runs,portfolio_subsectors,integer,YES
production_pipeline_runs,cash_weight,numeric,YES
production_pipeline_runs,avg_alpha_score,numeric,YES
production_pipeline_runs,top_alpha_ticker,text,YES
production_pipeline_runs,github_run_id,text,YES
production_pipeline_runs,github_workflow,text,YES
production_pipeline_runs,github_repository,text,YES
production_pipeline_runs,github_branch,text,YES
production_pipeline_runs,error_message,text,YES
production_pipeline_runs,created_at,timestamp with time zone,NO
production_report_archives,id,bigint,NO
production_report_archives,run_timestamp_sgt,timestamp with time zone,NO
production_report_archives,run_date_sgt,date,NO
production_report_archives,pipeline_name,text,NO
production_report_archives,environment,text,NO
production_report_archives,status,text,NO
production_report_archives,github_run_id,text,YES
production_report_archives,github_workflow,text,YES
production_report_archives,github_repository,text,YES
production_report_archives,github_branch,text,YES
production_report_archives,github_sha,text,YES
production_report_archives,storage_provider,text,NO
production_report_archives,storage_bucket,text,NO
production_report_archives,storage_object_path,text,NO
production_report_archives,manifest_object_path,text,YES
production_report_archives,checksum_object_path,text,YES
production_report_archives,telemetry_object_path,text,YES
production_report_archives,archive_filename,text,NO
production_report_archives,archive_size_bytes,bigint,YES
production_report_archives,archive_sha256,text,NO
production_report_archives,file_count,integer,YES
production_report_archives,csv_count,integer,YES
production_report_archives,html_count,integer,YES
production_report_archives,png_count,integer,YES
production_report_archives,log_count,integer,YES
production_report_archives,validation_file_count,integer,YES
production_report_archives,compression_format,text,NO
production_report_archives,archive_version,text,NO
production_report_archives,archival_status,text,NO
production_report_archives,error_message,text,YES
production_report_archives,created_at,timestamp with time zone,NO
structural_theme_attribution_trend_history,id,bigint,NO
structural_theme_attribution_trend_history,run_date_sgt,date,NO
structural_theme_attribution_trend_history,theme_name,text,NO
structural_theme_attribution_trend_history,entity,text,YES
structural_theme_attribution_trend_history,component_name,text,NO
structural_theme_attribution_trend_history,attribution_score,numeric,YES
structural_theme_attribution_trend_history,rolling_avg_7d,numeric,YES
structural_theme_attribution_trend_history,rolling_avg_30d,numeric,YES
structural_theme_attribution_trend_history,attribution_change_7d,numeric,YES
structural_theme_attribution_trend_history,attribution_change_30d,numeric,YES
structural_theme_attribution_trend_history,attribution_rank,integer,YES
structural_theme_attribution_trend_history,created_at,timestamp with time zone,NO
structural_theme_component_scores,id,bigint,NO
structural_theme_component_scores,run_timestamp_sgt,timestamp with time zone,NO
structural_theme_component_scores,run_date_sgt,date,NO
structural_theme_component_scores,theme_name,text,NO
structural_theme_component_scores,theme_version,text,NO
structural_theme_component_scores,ticker,text,NO
structural_theme_component_scores,company,text,YES
structural_theme_component_scores,sector,text,YES
structural_theme_component_scores,subsector,text,YES
structural_theme_component_scores,map_id,bigint,YES
structural_theme_component_scores,component_name,text,NO
structural_theme_component_scores,component_score,numeric,YES
structural_theme_component_scores,component_weight,numeric,YES
structural_theme_component_scores,weighted_contribution,numeric,YES
structural_theme_component_scores,contribution_pct,numeric,YES
structural_theme_component_scores,component_rank,integer,YES
structural_theme_component_scores,metadata,jsonb,YES
structural_theme_component_scores,created_at,timestamp with time zone,NO
structural_theme_component_scores,updated_at,timestamp with time zone,NO
structural_theme_cross_theme_relationship_runs,id,bigint,NO
structural_theme_cross_theme_relationship_runs,run_timestamp_sgt,timestamp with time zone,NO
structural_theme_cross_theme_relationship_runs,run_date_sgt,date,NO
structural_theme_cross_theme_relationship_runs,pipeline_name,text,NO
structural_theme_cross_theme_relationship_runs,anchor_theme_name,text,NO
structural_theme_cross_theme_relationship_runs,status,text,NO
structural_theme_cross_theme_relationship_runs,evidence_rows_read,integer,NO
structural_theme_cross_theme_relationship_runs,candidates_generated,integer,NO
structural_theme_cross_theme_relationship_runs,nodes_upserted,integer,NO
structural_theme_cross_theme_relationship_runs,edges_upserted,integer,NO
structural_theme_cross_theme_relationship_runs,edge_history_rows_inserted,integer,NO
structural_theme_cross_theme_relationship_runs,snapshot_id,text,YES
structural_theme_cross_theme_relationship_runs,validation_status,text,YES
structural_theme_cross_theme_relationship_runs,validation_error_count,integer,NO
structural_theme_cross_theme_relationship_runs,validation_warning_count,integer,NO
structural_theme_cross_theme_relationship_runs,runtime_seconds,numeric,YES
structural_theme_cross_theme_relationship_runs,github_run_id,text,YES
structural_theme_cross_theme_relationship_runs,github_workflow,text,YES
structural_theme_cross_theme_relationship_runs,github_repository,text,YES
structural_theme_cross_theme_relationship_runs,github_branch,text,YES
structural_theme_cross_theme_relationship_runs,error_message,text,YES
structural_theme_cross_theme_relationship_runs,metadata,jsonb,NO
structural_theme_cross_theme_relationship_runs,created_at,timestamp with time zone,NO
structural_theme_driver_persistence_history,id,bigint,NO
structural_theme_driver_persistence_history,run_date_sgt,date,NO
structural_theme_driver_persistence_history,theme_name,text,NO
structural_theme_driver_persistence_history,entity,text,YES
structural_theme_driver_persistence_history,driver_name,text,NO
structural_theme_driver_persistence_history,driver_direction,text,YES
structural_theme_driver_persistence_history,contribution_score,numeric,YES
structural_theme_driver_persistence_history,rolling_avg_7d,numeric,YES
structural_theme_driver_persistence_history,rolling_avg_30d,numeric,YES
structural_theme_driver_persistence_history,persistence_days,integer,YES
structural_theme_driver_persistence_history,persistence_half_life,numeric,YES
structural_theme_driver_persistence_history,persistence_score,numeric,YES
structural_theme_driver_persistence_history,created_at,timestamp with time zone,NO
structural_theme_evidence,id,bigint,NO
structural_theme_evidence,run_date_sgt,date,NO
structural_theme_evidence,run_timestamp_sgt,timestamp with time zone,NO
structural_theme_evidence,theme_name,text,NO
structural_theme_evidence,theme_version,text,NO
structural_theme_evidence,ticker,text,NO
structural_theme_evidence,company,text,YES
structural_theme_evidence,sector,text,YES
structural_theme_evidence,subsector,text,YES
structural_theme_evidence,evidence_type,text,YES
structural_theme_evidence,source_name,text,YES
structural_theme_evidence,source_url,text,YES
structural_theme_evidence,evidence_title,text,YES
structural_theme_evidence,evidence_text,text,YES
structural_theme_evidence,evidence_hash,text,YES
structural_theme_evidence,sentiment_score,numeric,YES
structural_theme_evidence,relevance_score,numeric,YES
structural_theme_evidence,confidence_score,numeric,YES
structural_theme_evidence,driver_direction,text,YES
structural_theme_evidence,driver_category,text,YES
structural_theme_evidence,extracted_features,jsonb,YES
structural_theme_evidence,raw_payload,jsonb,YES
structural_theme_evidence,created_at,timestamp with time zone,NO
structural_theme_evidence_attribution,id,bigint,NO
structural_theme_evidence_attribution,run_timestamp_sgt,timestamp with time zone,NO
structural_theme_evidence_attribution,run_date_sgt,date,NO
structural_theme_evidence_attribution,theme_name,text,NO
structural_theme_evidence_attribution,theme_version,text,NO
structural_theme_evidence_attribution,ticker,text,NO
structural_theme_evidence_attribution,company,text,YES
structural_theme_evidence_attribution,sector,text,YES
structural_theme_evidence_attribution,subsector,text,YES
structural_theme_evidence_attribution,map_id,bigint,NO
structural_theme_evidence_attribution,observation_id,bigint,NO
structural_theme_evidence_attribution,ai_subsector,text,YES
structural_theme_evidence_attribution,transmission_direction,text,YES
structural_theme_evidence_attribution,transmission_type,text,YES
structural_theme_evidence_attribution,evidence_source,text,YES
structural_theme_evidence_attribution,evidence_title,text,YES
structural_theme_evidence_attribution,evidence_url,text,YES
structural_theme_evidence_attribution,evidence_summary,text,YES
structural_theme_evidence_attribution,ai_relevance_score,numeric,YES
structural_theme_evidence_attribution,impact_magnitude_score,numeric,YES
structural_theme_evidence_attribution,sentiment_score,numeric,YES
structural_theme_evidence_attribution,confidence_score,numeric,YES
structural_theme_evidence_attribution,direction_adjusted_sentiment_score,numeric,YES
structural_theme_evidence_attribution,evidence_quality_score,numeric,YES
structural_theme_evidence_attribution,evidence_weight,numeric,YES
structural_theme_evidence_attribution,contribution_score,numeric,YES
structural_theme_evidence_attribution,signed_contribution_score,numeric,YES
structural_theme_evidence_attribution,contribution_direction,text,YES
structural_theme_evidence_attribution,pathway,text,YES
structural_theme_evidence_attribution,metadata,jsonb,YES
structural_theme_evidence_attribution,created_at,timestamp with time zone,NO
structural_theme_evidence_attribution,updated_at,timestamp with time zone,NO
structural_theme_evidence_density_runs,id,bigint,NO
structural_theme_evidence_density_runs,run_timestamp_sgt,timestamp with time zone,NO
structural_theme_evidence_density_runs,run_date_sgt,date,NO
structural_theme_evidence_density_runs,pipeline_name,text,NO
structural_theme_evidence_density_runs,theme_name,text,NO
structural_theme_evidence_density_runs,status,text,NO
structural_theme_evidence_density_runs,source_rows_read,integer,NO
structural_theme_evidence_density_runs,evidence_rows_generated,integer,NO
structural_theme_evidence_density_runs,evidence_rows_inserted,integer,NO
structural_theme_evidence_density_runs,skipped_rows,integer,NO
structural_theme_evidence_density_runs,validation_status,text,YES
structural_theme_evidence_density_runs,validation_error_count,integer,NO
structural_theme_evidence_density_runs,validation_warning_count,integer,NO
structural_theme_evidence_density_runs,runtime_seconds,numeric,YES
structural_theme_evidence_density_runs,github_run_id,text,YES
structural_theme_evidence_density_runs,github_workflow,text,YES
structural_theme_evidence_density_runs,github_repository,text,YES
structural_theme_evidence_density_runs,github_branch,text,YES
structural_theme_evidence_density_runs,error_message,text,YES
structural_theme_evidence_density_runs,metadata,jsonb,NO
structural_theme_evidence_density_runs,created_at,timestamp with time zone,NO
structural_theme_evidence_intensity_history,id,bigint,NO
structural_theme_evidence_intensity_history,run_date_sgt,date,NO
structural_theme_evidence_intensity_history,theme_name,text,NO
structural_theme_evidence_intensity_history,entity,text,YES
structural_theme_evidence_intensity_history,pathway_name,text,YES
structural_theme_evidence_intensity_history,evidence_count,integer,YES
structural_theme_evidence_intensity_history,high_confidence_evidence_count,integer,YES
structural_theme_evidence_intensity_history,avg_evidence_strength,numeric,YES
structural_theme_evidence_intensity_history,rolling_evidence_7d,numeric,YES
structural_theme_evidence_intensity_history,rolling_evidence_30d,numeric,YES
structural_theme_evidence_intensity_history,evidence_spike_score,numeric,YES
structural_theme_evidence_intensity_history,evidence_regime,text,YES
structural_theme_evidence_intensity_history,created_at,timestamp with time zone,NO
structural_theme_explanations,id,bigint,NO
structural_theme_explanations,run_timestamp_sgt,timestamp with time zone,NO
structural_theme_explanations,run_date_sgt,date,NO
structural_theme_explanations,theme_name,text,NO
structural_theme_explanations,theme_version,text,NO
structural_theme_explanations,ticker,text,NO
structural_theme_explanations,company,text,YES
structural_theme_explanations,sector,text,YES
structural_theme_explanations,subsector,text,YES
structural_theme_explanations,final_score,numeric,YES
structural_theme_explanations,confidence_score,numeric,YES
structural_theme_explanations,evidence_count,integer,YES
structural_theme_explanations,relationship_count,integer,YES
structural_theme_explanations,top_positive_drivers,jsonb,YES
structural_theme_explanations,top_negative_drivers,jsonb,YES
structural_theme_explanations,component_decomposition,jsonb,YES
structural_theme_explanations,transmission_pathways,jsonb,YES
structural_theme_explanations,evidence_summary,text,YES
structural_theme_explanations,explainability_version,text,NO
structural_theme_explanations,metadata,jsonb,YES
structural_theme_explanations,created_at,timestamp with time zone,NO
structural_theme_explanations,updated_at,timestamp with time zone,NO
structural_theme_graph_canonical_edge_view_materialized,id,bigint,NO
structural_theme_graph_canonical_edge_view_materialized,run_id,text,NO
structural_theme_graph_canonical_edge_view_materialized,run_date_sgt,date,NO
structural_theme_graph_canonical_edge_view_materialized,raw_source_node_key,text,NO
structural_theme_graph_canonical_edge_view_materialized,raw_target_node_key,text,NO
structural_theme_graph_canonical_edge_view_materialized,canonical_source_node_key,text,NO
structural_theme_graph_canonical_edge_view_materialized,canonical_target_node_key,text,NO
structural_theme_graph_canonical_edge_view_materialized,source_mapping_method,text,NO
structural_theme_graph_canonical_edge_view_materialized,target_mapping_method,text,NO
structural_theme_graph_canonical_edge_view_materialized,canonical_edge_hash,text,NO
structural_theme_graph_canonical_edge_view_materialized,created_at,timestamp with time zone,NO
structural_theme_graph_canonical_node_mappings,id,bigint,NO
structural_theme_graph_canonical_node_mappings,run_id,text,NO
structural_theme_graph_canonical_node_mappings,run_date_sgt,date,NO
structural_theme_graph_canonical_node_mappings,raw_node_key,text,NO
structural_theme_graph_canonical_node_mappings,normalized_node_key,text,NO
structural_theme_graph_canonical_node_mappings,canonical_node_key,text,NO
structural_theme_graph_canonical_node_mappings,canonical_label,text,YES
structural_theme_graph_canonical_node_mappings,ontology_category,text,YES
structural_theme_graph_canonical_node_mappings,mapping_method,text,NO
structural_theme_graph_canonical_node_mappings,confidence_score,numeric,NO
structural_theme_graph_canonical_node_mappings,mapping_hash,text,NO
structural_theme_graph_canonical_node_mappings,created_at,timestamp with time zone,NO
structural_theme_graph_canonical_ontology_aliases,id,bigint,NO
structural_theme_graph_canonical_ontology_aliases,alias_node_key,text,NO
structural_theme_graph_canonical_ontology_aliases,canonical_node_key,text,NO
structural_theme_graph_canonical_ontology_aliases,alias_type,text,NO
structural_theme_graph_canonical_ontology_aliases,confidence_score,numeric,NO
structural_theme_graph_canonical_ontology_aliases,is_active,boolean,NO
structural_theme_graph_canonical_ontology_aliases,created_at,timestamp with time zone,NO
structural_theme_graph_canonical_ontology_telemetry,id,bigint,NO
structural_theme_graph_canonical_ontology_telemetry,run_id,text,NO
structural_theme_graph_canonical_ontology_telemetry,run_date_sgt,date,NO
structural_theme_graph_canonical_ontology_telemetry,pipeline_name,text,NO
structural_theme_graph_canonical_ontology_telemetry,status,text,NO
structural_theme_graph_canonical_ontology_telemetry,raw_edges_loaded,integer,NO
structural_theme_graph_canonical_ontology_telemetry,raw_nodes_detected,integer,NO
structural_theme_graph_canonical_ontology_telemetry,ontology_terms_loaded,integer,NO
structural_theme_graph_canonical_ontology_telemetry,aliases_loaded,integer,NO
structural_theme_graph_canonical_ontology_telemetry,mappings_generated,integer,NO
structural_theme_graph_canonical_ontology_telemetry,canonical_edges_generated,integer,NO
structural_theme_graph_canonical_ontology_telemetry,validation_failures,integer,NO
structural_theme_graph_canonical_ontology_telemetry,runtime_seconds,numeric,YES
structural_theme_graph_canonical_ontology_telemetry,error_message,text,YES
structural_theme_graph_canonical_ontology_telemetry,details,jsonb,NO
structural_theme_graph_canonical_ontology_telemetry,created_at,timestamp with time zone,NO
structural_theme_graph_canonical_ontology_terms,id,bigint,NO
structural_theme_graph_canonical_ontology_terms,canonical_node_key,text,NO
structural_theme_graph_canonical_ontology_terms,canonical_label,text,NO
structural_theme_graph_canonical_ontology_terms,ontology_category,text,NO
structural_theme_graph_canonical_ontology_terms,description,text,YES
structural_theme_graph_canonical_ontology_terms,is_active,boolean,NO
structural_theme_graph_canonical_ontology_terms,created_at,timestamp with time zone,NO
structural_theme_graph_canonical_ontology_validation,id,bigint,NO
structural_theme_graph_canonical_ontology_validation,run_id,text,NO
structural_theme_graph_canonical_ontology_validation,run_date_sgt,date,NO
structural_theme_graph_canonical_ontology_validation,validation_name,text,NO
structural_theme_graph_canonical_ontology_validation,validation_status,text,NO
structural_theme_graph_canonical_ontology_validation,observed_value,numeric,YES
structural_theme_graph_canonical_ontology_validation,threshold_value,numeric,YES
structural_theme_graph_canonical_ontology_validation,message,text,YES
structural_theme_graph_canonical_ontology_validation,details,jsonb,NO
structural_theme_graph_canonical_ontology_validation,created_at,timestamp with time zone,NO
structural_theme_graph_continuity_candidates,id,bigint,NO
structural_theme_graph_continuity_candidates,run_id,text,NO
structural_theme_graph_continuity_candidates,run_date_sgt,date,NO
structural_theme_graph_continuity_candidates,theme_name,text,NO
structural_theme_graph_continuity_candidates,source_node_id,text,NO
structural_theme_graph_continuity_candidates,continuity_node_id,text,NO
structural_theme_graph_continuity_candidates,target_node_id,text,NO
structural_theme_graph_continuity_candidates,candidate_key,text,NO
structural_theme_graph_continuity_candidates,upstream_edge_id,bigint,YES
structural_theme_graph_continuity_candidates,downstream_edge_id,bigint,YES
structural_theme_graph_continuity_candidates,source_node_label,text,YES
structural_theme_graph_continuity_candidates,continuity_node_label,text,YES
structural_theme_graph_continuity_candidates,target_node_label,text,YES
structural_theme_graph_continuity_candidates,source_node_type,text,YES
structural_theme_graph_continuity_candidates,continuity_node_type,text,YES
structural_theme_graph_continuity_candidates,target_node_type,text,YES
structural_theme_graph_continuity_candidates,continuity_category,text,NO
structural_theme_graph_continuity_candidates,upstream_confidence,numeric,YES
structural_theme_graph_continuity_candidates,downstream_confidence,numeric,YES
structural_theme_graph_continuity_candidates,upstream_evidence_intensity,numeric,YES
structural_theme_graph_continuity_candidates,downstream_evidence_intensity,numeric,YES
structural_theme_graph_continuity_candidates,upstream_persistence_score,numeric,YES
structural_theme_graph_continuity_candidates,downstream_persistence_score,numeric,YES
structural_theme_graph_continuity_candidates,upstream_pressure_score,numeric,YES
structural_theme_graph_continuity_candidates,downstream_pressure_score,numeric,YES
structural_theme_graph_continuity_candidates,upstream_transmission_potential,numeric,YES
structural_theme_graph_continuity_candidates,downstream_transmission_potential,numeric,YES
structural_theme_graph_continuity_candidates,raw_candidate_score,numeric,YES
structural_theme_graph_continuity_candidates,status,text,NO
structural_theme_graph_continuity_candidates,rejection_reason,text,YES
structural_theme_graph_continuity_candidates,created_at,timestamp with time zone,NO
structural_theme_graph_continuity_edges,id,bigint,NO
structural_theme_graph_continuity_edges,run_id,text,NO
structural_theme_graph_continuity_edges,run_date_sgt,date,NO
structural_theme_graph_continuity_edges,theme_name,text,NO
structural_theme_graph_continuity_edges,source_node_id,text,NO
structural_theme_graph_continuity_edges,continuity_node_id,text,NO
structural_theme_graph_continuity_edges,target_node_id,text,NO
structural_theme_graph_continuity_edges,continuity_edge_key,text,NO
structural_theme_graph_continuity_edges,source_node_label,text,YES
structural_theme_graph_continuity_edges,continuity_node_label,text,YES
structural_theme_graph_continuity_edges,target_node_label,text,YES
structural_theme_graph_continuity_edges,source_node_type,text,YES
structural_theme_graph_continuity_edges,continuity_node_type,text,YES
structural_theme_graph_continuity_edges,target_node_type,text,YES
structural_theme_graph_continuity_edges,continuity_category,text,NO
structural_theme_graph_continuity_edges,upstream_edge_id,bigint,YES
structural_theme_graph_continuity_edges,downstream_edge_id,bigint,YES
structural_theme_graph_continuity_edges,path_continuity_score,numeric,NO
structural_theme_graph_continuity_edges,transmission_compatibility_score,numeric,NO
structural_theme_graph_continuity_edges,evidence_score,numeric,NO
structural_theme_graph_continuity_edges,persistence_score,numeric,NO
structural_theme_graph_continuity_edges,pressure_alignment_score,numeric,NO
structural_theme_graph_continuity_edges,propagation_support_score,numeric,NO
structural_theme_graph_continuity_edges,confidence_score,numeric,NO
structural_theme_graph_continuity_edges,continuity_score,numeric,NO
structural_theme_graph_continuity_edges,is_cycle_safe,boolean,NO
structural_theme_graph_continuity_edges,is_unique_continuity,boolean,NO
structural_theme_graph_continuity_edges,is_replay_compatible,boolean,NO
structural_theme_graph_continuity_edges,is_active,boolean,NO
structural_theme_graph_continuity_edges,activation_reason,text,YES
structural_theme_graph_continuity_edges,rejection_reason,text,YES
structural_theme_graph_continuity_edges,created_at,timestamp with time zone,NO
structural_theme_graph_continuity_snapshots,id,bigint,NO
structural_theme_graph_continuity_snapshots,run_id,text,NO
structural_theme_graph_continuity_snapshots,run_date_sgt,date,NO
structural_theme_graph_continuity_snapshots,theme_name,text,NO
structural_theme_graph_continuity_snapshots,total_candidates,integer,NO
structural_theme_graph_continuity_snapshots,total_scored_continuities,integer,NO
structural_theme_graph_continuity_snapshots,total_active_continuities,integer,NO
structural_theme_graph_continuity_snapshots,rejected_cycles,integer,NO
structural_theme_graph_continuity_snapshots,rejected_duplicates,integer,NO
structural_theme_graph_continuity_snapshots,rejected_low_score,integer,NO
structural_theme_graph_continuity_snapshots,avg_path_continuity_score,numeric,YES
structural_theme_graph_continuity_snapshots,avg_continuity_score,numeric,YES
structural_theme_graph_continuity_snapshots,avg_confidence_score,numeric,YES
structural_theme_graph_continuity_snapshots,top_continuity_key,text,YES
structural_theme_graph_continuity_snapshots,top_continuity_score,numeric,YES
structural_theme_graph_continuity_snapshots,snapshot_payload,jsonb,YES
structural_theme_graph_continuity_snapshots,created_at,timestamp with time zone,NO
structural_theme_graph_continuity_telemetry,id,bigint,NO
structural_theme_graph_continuity_telemetry,run_id,text,NO
structural_theme_graph_continuity_telemetry,run_date_sgt,date,NO
structural_theme_graph_continuity_telemetry,theme_name,text,NO
structural_theme_graph_continuity_telemetry,phase_name,text,NO
structural_theme_graph_continuity_telemetry,status,text,NO
structural_theme_graph_continuity_telemetry,started_at,timestamp with time zone,YES
structural_theme_graph_continuity_telemetry,completed_at,timestamp with time zone,YES
structural_theme_graph_continuity_telemetry,runtime_seconds,numeric,YES
structural_theme_graph_continuity_telemetry,nodes_loaded,integer,NO
structural_theme_graph_continuity_telemetry,edges_loaded,integer,NO
structural_theme_graph_continuity_telemetry,candidates_generated,integer,NO
structural_theme_graph_continuity_telemetry,continuities_scored,integer,NO
structural_theme_graph_continuity_telemetry,continuities_activated,integer,NO
structural_theme_graph_continuity_telemetry,cycles_rejected,integer,NO
structural_theme_graph_continuity_telemetry,duplicates_rejected,integer,NO
structural_theme_graph_continuity_telemetry,low_score_rejected,integer,NO
structural_theme_graph_continuity_telemetry,error_message,text,YES
structural_theme_graph_continuity_telemetry,telemetry_payload,jsonb,YES
structural_theme_graph_continuity_telemetry,created_at,timestamp with time zone,NO
structural_theme_graph_continuity_validation,id,bigint,NO
structural_theme_graph_continuity_validation,run_id,text,NO
structural_theme_graph_continuity_validation,run_date_sgt,date,NO
structural_theme_graph_continuity_validation,theme_name,text,NO
structural_theme_graph_continuity_validation,validation_name,text,NO
structural_theme_graph_continuity_validation,validation_status,text,NO
structural_theme_graph_continuity_validation,observed_value,numeric,YES
structural_theme_graph_continuity_validation,threshold_value,numeric,YES
structural_theme_graph_continuity_validation,message,text,YES
structural_theme_graph_continuity_validation,details,jsonb,YES
structural_theme_graph_continuity_validation,created_at,timestamp with time zone,NO
structural_theme_graph_corridor_bottlenecks,id,bigint,NO
structural_theme_graph_corridor_bottlenecks,run_id,text,NO
structural_theme_graph_corridor_bottlenecks,run_date_sgt,date,NO
structural_theme_graph_corridor_bottlenecks,node_key,text,NO
structural_theme_graph_corridor_bottlenecks,node_role,text,NO
structural_theme_graph_corridor_bottlenecks,corridor_count,integer,NO
structural_theme_graph_corridor_bottlenecks,dominant_corridor_count,integer,NO
structural_theme_graph_corridor_bottlenecks,avg_corridor_intelligence_score,numeric,NO
structural_theme_graph_corridor_bottlenecks,avg_bottleneck_score,numeric,NO
structural_theme_graph_corridor_bottlenecks,max_bottleneck_score,numeric,NO
structural_theme_graph_corridor_bottlenecks,reuse_frequency_total,integer,NO
structural_theme_graph_corridor_bottlenecks,bottleneck_classification,text,NO
structural_theme_graph_corridor_bottlenecks,metadata,jsonb,NO
structural_theme_graph_corridor_bottlenecks,created_at,timestamp with time zone,NO
structural_theme_graph_corridor_dynamics,id,bigint,NO
structural_theme_graph_corridor_dynamics,run_id,text,NO
structural_theme_graph_corridor_dynamics,run_date_sgt,date,NO
structural_theme_graph_corridor_dynamics,corridor_hash,text,NO
structural_theme_graph_corridor_dynamics,corridor_key,text,NO
structural_theme_graph_corridor_dynamics,corridor_type,text,NO
structural_theme_graph_corridor_dynamics,corridor_classification,text,NO
structural_theme_graph_corridor_dynamics,source_node_key,text,NO
structural_theme_graph_corridor_dynamics,target_node_key,text,NO
structural_theme_graph_corridor_dynamics,intermediary_node_keys,jsonb,NO
structural_theme_graph_corridor_dynamics,path_nodes,jsonb,NO
structural_theme_graph_corridor_dynamics,hop_count,integer,NO
structural_theme_graph_corridor_dynamics,regime_sensitivity,text,NO
structural_theme_graph_corridor_dynamics,current_corridor_intelligence_score,numeric,NO
structural_theme_graph_corridor_dynamics,previous_corridor_intelligence_score,numeric,YES
structural_theme_graph_corridor_dynamics,rolling_7d_corridor_intelligence_score,numeric,YES
structural_theme_graph_corridor_dynamics,rolling_30d_corridor_intelligence_score,numeric,YES
structural_theme_graph_corridor_dynamics,score_delta_previous,numeric,YES
structural_theme_graph_corridor_dynamics,score_delta_7d,numeric,YES
structural_theme_graph_corridor_dynamics,score_delta_30d,numeric,YES
structural_theme_graph_corridor_dynamics,strength_delta_previous,numeric,YES
structural_theme_graph_corridor_dynamics,persistence_delta_previous,numeric,YES
structural_theme_graph_corridor_dynamics,stability_delta_previous,numeric,YES
structural_theme_graph_corridor_dynamics,reuse_delta_previous,numeric,YES
structural_theme_graph_corridor_dynamics,observation_count,integer,NO
structural_theme_graph_corridor_dynamics,days_observed,integer,NO
structural_theme_graph_corridor_dynamics,first_seen_run_date_sgt,date,YES
structural_theme_graph_corridor_dynamics,previous_seen_run_date_sgt,date,YES
structural_theme_graph_corridor_dynamics,last_seen_run_date_sgt,date,YES
structural_theme_graph_corridor_dynamics,days_since_previous_seen,integer,YES
structural_theme_graph_corridor_dynamics,corridor_volatility_score,numeric,NO
structural_theme_graph_corridor_dynamics,corridor_drift_score,numeric,NO
structural_theme_graph_corridor_dynamics,corridor_mutation_score,numeric,NO
structural_theme_graph_corridor_dynamics,stress_accumulation_score,numeric,NO
structural_theme_graph_corridor_dynamics,corridor_survivability_score,numeric,NO
structural_theme_graph_corridor_dynamics,activation_state,text,NO
structural_theme_graph_corridor_dynamics,dynamics_classification,text,NO
structural_theme_graph_corridor_dynamics,regime_transition_signal,text,NO
structural_theme_graph_corridor_dynamics,regime_transition_flag,boolean,NO
structural_theme_graph_corridor_dynamics,dominant_pathway_flag,boolean,NO
structural_theme_graph_corridor_dynamics,bottleneck_node_key,text,YES
structural_theme_graph_corridor_dynamics,bottleneck_score,numeric,NO
structural_theme_graph_corridor_dynamics,reuse_frequency,integer,NO
structural_theme_graph_corridor_dynamics,metadata,jsonb,NO
structural_theme_graph_corridor_dynamics,component_scores,jsonb,NO
structural_theme_graph_corridor_dynamics,created_at,timestamp with time zone,NO
structural_theme_graph_corridor_dynamics,updated_at,timestamp with time zone,NO
structural_theme_graph_corridor_dynamics_telemetry,id,bigint,NO
structural_theme_graph_corridor_dynamics_telemetry,run_id,text,NO
structural_theme_graph_corridor_dynamics_telemetry,run_date_sgt,date,NO
structural_theme_graph_corridor_dynamics_telemetry,pipeline_name,text,NO
structural_theme_graph_corridor_dynamics_telemetry,status,text,NO
structural_theme_graph_corridor_dynamics_telemetry,current_corridors_loaded,integer,NO
structural_theme_graph_corridor_dynamics_telemetry,historical_corridors_loaded,integer,NO
structural_theme_graph_corridor_dynamics_telemetry,dynamics_generated,integer,NO
structural_theme_graph_corridor_dynamics_telemetry,dynamics_persisted,integer,NO
structural_theme_graph_corridor_dynamics_telemetry,regime_summaries_persisted,integer,NO
structural_theme_graph_corridor_dynamics_telemetry,transition_flags_detected,integer,NO
structural_theme_graph_corridor_dynamics_telemetry,decaying_corridors_detected,integer,NO
structural_theme_graph_corridor_dynamics_telemetry,reactivating_corridors_detected,integer,NO
structural_theme_graph_corridor_dynamics_telemetry,validation_failures,integer,NO
structural_theme_graph_corridor_dynamics_telemetry,runtime_seconds,numeric,YES
structural_theme_graph_corridor_dynamics_telemetry,error_message,text,YES
structural_theme_graph_corridor_dynamics_telemetry,details,jsonb,NO
structural_theme_graph_corridor_dynamics_telemetry,created_at,timestamp with time zone,NO
structural_theme_graph_corridor_dynamics_validation,id,bigint,NO
structural_theme_graph_corridor_dynamics_validation,run_id,text,NO
structural_theme_graph_corridor_dynamics_validation,run_date_sgt,date,NO
structural_theme_graph_corridor_dynamics_validation,validation_name,text,NO
structural_theme_graph_corridor_dynamics_validation,validation_status,text,NO
structural_theme_graph_corridor_dynamics_validation,observed_value,numeric,YES
structural_theme_graph_corridor_dynamics_validation,threshold_value,numeric,YES
structural_theme_graph_corridor_dynamics_validation,message,text,YES
structural_theme_graph_corridor_dynamics_validation,details,jsonb,NO
structural_theme_graph_corridor_dynamics_validation,created_at,timestamp with time zone,NO
structural_theme_graph_corridor_regime_forecasts,id,bigint,NO
structural_theme_graph_corridor_regime_forecasts,run_id,text,NO
structural_theme_graph_corridor_regime_forecasts,run_date_sgt,date,NO
structural_theme_graph_corridor_regime_forecasts,corridor_hash,text,NO
structural_theme_graph_corridor_regime_forecasts,corridor_key,text,NO
structural_theme_graph_corridor_regime_forecasts,corridor_type,text,NO
structural_theme_graph_corridor_regime_forecasts,corridor_classification,text,NO
structural_theme_graph_corridor_regime_forecasts,source_node_key,text,NO
structural_theme_graph_corridor_regime_forecasts,target_node_key,text,NO
structural_theme_graph_corridor_regime_forecasts,intermediary_node_keys,jsonb,NO
structural_theme_graph_corridor_regime_forecasts,path_nodes,jsonb,NO
structural_theme_graph_corridor_regime_forecasts,hop_count,integer,NO
structural_theme_graph_corridor_regime_forecasts,regime_sensitivity,text,NO
structural_theme_graph_corridor_regime_forecasts,activation_state,text,NO
structural_theme_graph_corridor_regime_forecasts,dynamics_classification,text,NO
structural_theme_graph_corridor_regime_forecasts,regime_transition_signal,text,NO
structural_theme_graph_corridor_regime_forecasts,bottleneck_node_key,text,YES
structural_theme_graph_corridor_regime_forecasts,current_corridor_intelligence_score,numeric,NO
structural_theme_graph_corridor_regime_forecasts,corridor_drift_score,numeric,NO
structural_theme_graph_corridor_regime_forecasts,corridor_mutation_score,numeric,NO
structural_theme_graph_corridor_regime_forecasts,stress_accumulation_score,numeric,NO
structural_theme_graph_corridor_regime_forecasts,corridor_survivability_score,numeric,NO
structural_theme_graph_corridor_regime_forecasts,bottleneck_score,numeric,NO
structural_theme_graph_corridor_regime_forecasts,reuse_frequency,integer,NO
structural_theme_graph_corridor_regime_forecasts,continuation_probability_score,numeric,NO
structural_theme_graph_corridor_regime_forecasts,instability_pressure_score,numeric,NO
structural_theme_graph_corridor_regime_forecasts,regime_transition_likelihood_score,numeric,NO
structural_theme_graph_corridor_regime_forecasts,structural_fragility_score,numeric,NO
structural_theme_graph_corridor_regime_forecasts,pathway_dominance_forecast_score,numeric,NO
structural_theme_graph_corridor_regime_forecasts,forecast_confidence_score,numeric,NO
structural_theme_graph_corridor_regime_forecasts,propagation_regime_forecast_score,numeric,NO
structural_theme_graph_corridor_regime_forecasts,forecast_horizon_days,integer,NO
structural_theme_graph_corridor_regime_forecasts,forecast_classification,text,NO
structural_theme_graph_corridor_regime_forecasts,forecast_signal,text,NO
structural_theme_graph_corridor_regime_forecasts,priority_flag,boolean,NO
structural_theme_graph_corridor_regime_forecasts,transition_watch_flag,boolean,NO
structural_theme_graph_corridor_regime_forecasts,instability_watch_flag,boolean,NO
structural_theme_graph_corridor_regime_forecasts,continuation_watch_flag,boolean,NO
structural_theme_graph_corridor_regime_forecasts,evidence_summary,jsonb,NO
structural_theme_graph_corridor_regime_forecasts,component_scores,jsonb,NO
structural_theme_graph_corridor_regime_forecasts,metadata,jsonb,NO
structural_theme_graph_corridor_regime_forecasts,created_at,timestamp with time zone,NO
structural_theme_graph_corridor_regime_forecasts,updated_at,timestamp with time zone,NO
structural_theme_graph_corridor_telemetry,id,bigint,NO
structural_theme_graph_corridor_telemetry,run_id,text,NO
structural_theme_graph_corridor_telemetry,run_date_sgt,date,NO
structural_theme_graph_corridor_telemetry,pipeline_name,text,NO
structural_theme_graph_corridor_telemetry,status,text,NO
structural_theme_graph_corridor_telemetry,canonical_edges_loaded,integer,NO
structural_theme_graph_corridor_telemetry,seed_edges_loaded,integer,NO
structural_theme_graph_corridor_telemetry,intermediaries_loaded,integer,NO
structural_theme_graph_corridor_telemetry,two_hop_corridors_detected,integer,NO
structural_theme_graph_corridor_telemetry,multi_hop_corridors_detected,integer,NO
structural_theme_graph_corridor_telemetry,corridors_persisted,integer,NO
structural_theme_graph_corridor_telemetry,bottlenecks_detected,integer,NO
structural_theme_graph_corridor_telemetry,validation_failures,integer,NO
structural_theme_graph_corridor_telemetry,runtime_seconds,numeric,YES
structural_theme_graph_corridor_telemetry,error_message,text,YES
structural_theme_graph_corridor_telemetry,details,jsonb,NO
structural_theme_graph_corridor_telemetry,created_at,timestamp with time zone,NO
structural_theme_graph_corridor_validation,id,bigint,NO
structural_theme_graph_corridor_validation,run_id,text,NO
structural_theme_graph_corridor_validation,run_date_sgt,date,NO
structural_theme_graph_corridor_validation,validation_name,text,NO
structural_theme_graph_corridor_validation,validation_status,text,NO
structural_theme_graph_corridor_validation,observed_value,numeric,YES
structural_theme_graph_corridor_validation,threshold_value,numeric,YES
structural_theme_graph_corridor_validation,message,text,YES
structural_theme_graph_corridor_validation,details,jsonb,NO
structural_theme_graph_corridor_validation,created_at,timestamp with time zone,NO
structural_theme_graph_directed_seed_edges,id,bigint,NO
structural_theme_graph_directed_seed_edges,run_id,text,NO
structural_theme_graph_directed_seed_edges,run_date_sgt,date,NO
structural_theme_graph_directed_seed_edges,rule_id,text,NO
structural_theme_graph_directed_seed_edges,source_node_key,text,NO
structural_theme_graph_directed_seed_edges,target_node_key,text,NO
structural_theme_graph_directed_seed_edges,intermediary_node_key,text,YES
structural_theme_graph_directed_seed_edges,edge_role,text,NO
structural_theme_graph_directed_seed_edges,relation_type,text,NO
structural_theme_graph_directed_seed_edges,confidence_score,numeric,NO
structural_theme_graph_directed_seed_edges,evidence_basis,text,YES
structural_theme_graph_directed_seed_edges,seed_hash,text,NO
structural_theme_graph_directed_seed_edges,created_at,timestamp with time zone,NO
structural_theme_graph_directed_seed_rules,id,bigint,NO
structural_theme_graph_directed_seed_rules,rule_id,text,NO
structural_theme_graph_directed_seed_rules,rule_name,text,NO
structural_theme_graph_directed_seed_rules,source_node_key,text,NO
structural_theme_graph_directed_seed_rules,intermediary_node_key,text,NO
structural_theme_graph_directed_seed_rules,target_node_key,text,NO
structural_theme_graph_directed_seed_rules,edge_1_relation,text,NO
structural_theme_graph_directed_seed_rules,edge_2_relation,text,NO
structural_theme_graph_directed_seed_rules,seed_category,text,NO
structural_theme_graph_directed_seed_rules,confidence_score,numeric,NO
structural_theme_graph_directed_seed_rules,evidence_basis,text,YES
structural_theme_graph_directed_seed_rules,is_active,boolean,NO
structural_theme_graph_directed_seed_rules,created_at,timestamp with time zone,NO
structural_theme_graph_directed_seed_telemetry,id,bigint,NO
structural_theme_graph_directed_seed_telemetry,run_id,text,NO
structural_theme_graph_directed_seed_telemetry,run_date_sgt,date,NO
structural_theme_graph_directed_seed_telemetry,pipeline_name,text,NO
structural_theme_graph_directed_seed_telemetry,status,text,NO
structural_theme_graph_directed_seed_telemetry,active_rules_loaded,integer,NO
structural_theme_graph_directed_seed_telemetry,source_edges_loaded,integer,NO
structural_theme_graph_directed_seed_telemetry,seed_edges_generated,integer,NO
structural_theme_graph_directed_seed_telemetry,seed_edges_persisted,integer,NO
structural_theme_graph_directed_seed_telemetry,validation_failures,integer,NO
structural_theme_graph_directed_seed_telemetry,runtime_seconds,numeric,YES
structural_theme_graph_directed_seed_telemetry,error_message,text,YES
structural_theme_graph_directed_seed_telemetry,details,jsonb,NO
structural_theme_graph_directed_seed_telemetry,created_at,timestamp with time zone,NO
structural_theme_graph_directed_seed_validation,id,bigint,NO
structural_theme_graph_directed_seed_validation,run_id,text,NO
structural_theme_graph_directed_seed_validation,run_date_sgt,date,NO
structural_theme_graph_directed_seed_validation,validation_name,text,NO
structural_theme_graph_directed_seed_validation,validation_status,text,NO
structural_theme_graph_directed_seed_validation,observed_value,numeric,YES
structural_theme_graph_directed_seed_validation,threshold_value,numeric,YES
structural_theme_graph_directed_seed_validation,message,text,YES
structural_theme_graph_directed_seed_validation,details,jsonb,NO
structural_theme_graph_directed_seed_validation,created_at,timestamp with time zone,NO
structural_theme_graph_drift_snapshots,id,bigint,NO
structural_theme_graph_drift_snapshots,snapshot_id,text,NO
structural_theme_graph_drift_snapshots,run_date_sgt,date,NO
structural_theme_graph_drift_snapshots,snapshot_version,text,NO
structural_theme_graph_drift_snapshots,anchor_theme_name,text,YES
structural_theme_graph_drift_snapshots,theme_name,text,YES
structural_theme_graph_drift_snapshots,transitions_detected,integer,NO
structural_theme_graph_drift_snapshots,strengthening_transitions,integer,NO
structural_theme_graph_drift_snapshots,weakening_transitions,integer,NO
structural_theme_graph_drift_snapshots,stabilizing_transitions,integer,NO
structural_theme_graph_drift_snapshots,destabilizing_transitions,integer,NO
structural_theme_graph_drift_snapshots,emerging_transitions,integer,NO
structural_theme_graph_drift_snapshots,dormant_transitions,integer,NO
structural_theme_graph_drift_snapshots,drift_rows_generated,integer,NO
structural_theme_graph_drift_snapshots,major_drift_count,integer,NO
structural_theme_graph_drift_snapshots,moderate_drift_count,integer,NO
structural_theme_graph_drift_snapshots,mild_drift_count,integer,NO
structural_theme_graph_drift_snapshots,avg_transition_strength,numeric,YES
structural_theme_graph_drift_snapshots,avg_drift_magnitude,numeric,YES
structural_theme_graph_drift_snapshots,strongest_transitions,jsonb,NO
structural_theme_graph_drift_snapshots,largest_drift_dimensions,jsonb,NO
structural_theme_graph_drift_snapshots,validation_status,text,NO
structural_theme_graph_drift_snapshots,validation_errors,jsonb,NO
structural_theme_graph_drift_snapshots,validation_warnings,jsonb,NO
structural_theme_graph_drift_snapshots,snapshot_metadata,jsonb,NO
structural_theme_graph_drift_snapshots,created_at,timestamp with time zone,NO
structural_theme_graph_drift_telemetry,id,bigint,NO
structural_theme_graph_drift_telemetry,run_timestamp_sgt,timestamp with time zone,NO
structural_theme_graph_drift_telemetry,run_date_sgt,date,NO
structural_theme_graph_drift_telemetry,pipeline_name,text,NO
structural_theme_graph_drift_telemetry,snapshot_id,text,YES
structural_theme_graph_drift_telemetry,status,text,NO
structural_theme_graph_drift_telemetry,stability_rows_read,integer,NO
structural_theme_graph_drift_telemetry,transitions_upserted,integer,NO
structural_theme_graph_drift_telemetry,drift_rows_upserted,integer,NO
structural_theme_graph_drift_telemetry,validation_status,text,YES
structural_theme_graph_drift_telemetry,validation_error_count,integer,NO
structural_theme_graph_drift_telemetry,validation_warning_count,integer,NO
structural_theme_graph_drift_telemetry,runtime_seconds,numeric,YES
structural_theme_graph_drift_telemetry,github_run_id,text,YES
structural_theme_graph_drift_telemetry,github_workflow,text,YES
structural_theme_graph_drift_telemetry,github_repository,text,YES
structural_theme_graph_drift_telemetry,github_branch,text,YES
structural_theme_graph_drift_telemetry,error_message,text,YES
structural_theme_graph_drift_telemetry,telemetry_metadata,jsonb,NO
structural_theme_graph_drift_telemetry,created_at,timestamp with time zone,NO
structural_theme_graph_edge_evidence,id,bigint,NO
structural_theme_graph_edge_evidence,run_date_sgt,date,NO
structural_theme_graph_edge_evidence,theme_name,text,NO
structural_theme_graph_edge_evidence,source_node_key,text,NO
structural_theme_graph_edge_evidence,target_node_key,text,NO
structural_theme_graph_edge_evidence,source_node_type,text,NO
structural_theme_graph_edge_evidence,target_node_type,text,NO
structural_theme_graph_edge_evidence,edge_type,text,NO
structural_theme_graph_edge_evidence,evidence_source_table,text,NO
structural_theme_graph_edge_evidence,evidence_record_id,text,YES
structural_theme_graph_edge_evidence,evidence_title,text,YES
structural_theme_graph_edge_evidence,evidence_text,text,YES
structural_theme_graph_edge_evidence,evidence_url,text,YES
structural_theme_graph_edge_evidence,evidence_score,numeric,YES
structural_theme_graph_edge_evidence,directional_score,numeric,YES
structural_theme_graph_edge_evidence,driver_direction,text,YES
structural_theme_graph_edge_evidence,raw_payload,jsonb,YES
structural_theme_graph_edge_evidence,created_at,timestamp with time zone,NO
structural_theme_graph_edge_history,id,bigint,NO
structural_theme_graph_edge_history,snapshot_id,text,NO
structural_theme_graph_edge_history,run_date_sgt,date,NO
structural_theme_graph_edge_history,edge_key,text,NO
structural_theme_graph_edge_history,source_node_key,text,NO
structural_theme_graph_edge_history,target_node_key,text,NO
structural_theme_graph_edge_history,edge_type,text,NO
structural_theme_graph_edge_history,theme_name,text,YES
structural_theme_graph_edge_history,anchor_theme_name,text,YES
structural_theme_graph_edge_history,edge_strength,numeric,NO
structural_theme_graph_edge_history,directional_strength,numeric,NO
structural_theme_graph_edge_history,confidence_score,numeric,NO
structural_theme_graph_edge_history,evidence_intensity,numeric,NO
structural_theme_graph_edge_history,persistence_score,numeric,NO
structural_theme_graph_edge_history,evidence_count,integer,NO
structural_theme_graph_edge_history,edge_metadata,jsonb,NO
structural_theme_graph_edge_history,evidence_summary,jsonb,NO
structural_theme_graph_edge_history,created_at,timestamp with time zone,NO
structural_theme_graph_edge_stability,id,bigint,NO
structural_theme_graph_edge_stability,run_date_sgt,date,NO
structural_theme_graph_edge_stability,edge_key,text,NO
structural_theme_graph_edge_stability,source_node_key,text,NO
structural_theme_graph_edge_stability,target_node_key,text,NO
structural_theme_graph_edge_stability,edge_type,text,NO
structural_theme_graph_edge_stability,theme_name,text,YES
structural_theme_graph_edge_stability,anchor_theme_name,text,YES
structural_theme_graph_edge_stability,first_seen_date_sgt,date,YES
structural_theme_graph_edge_stability,last_seen_date_sgt,date,YES
structural_theme_graph_edge_stability,observation_count,integer,NO
structural_theme_graph_edge_stability,active_days,integer,NO
structural_theme_graph_edge_stability,persistence_ratio,numeric,NO
structural_theme_graph_edge_stability,avg_edge_strength,numeric,NO
structural_theme_graph_edge_stability,latest_edge_strength,numeric,NO
structural_theme_graph_edge_stability,min_edge_strength,numeric,NO
structural_theme_graph_edge_stability,max_edge_strength,numeric,NO
structural_theme_graph_edge_stability,strength_change_abs,numeric,NO
structural_theme_graph_edge_stability,strength_change_pct,numeric,YES
structural_theme_graph_edge_stability,avg_confidence_score,numeric,NO
structural_theme_graph_edge_stability,avg_evidence_intensity,numeric,NO
structural_theme_graph_edge_stability,avg_persistence_score,numeric,NO
structural_theme_graph_edge_stability,stability_score,numeric,NO
structural_theme_graph_edge_stability,reinforcement_score,numeric,NO
structural_theme_graph_edge_stability,decay_score,numeric,NO
structural_theme_graph_edge_stability,emergence_score,numeric,NO
structural_theme_graph_edge_stability,temporal_regime,text,NO
structural_theme_graph_edge_stability,relationship_status,text,NO
structural_theme_graph_edge_stability,stability_metadata,jsonb,NO
structural_theme_graph_edge_stability,created_at,timestamp with time zone,NO
structural_theme_graph_edge_stability,updated_at,timestamp with time zone,NO
structural_theme_graph_edges,id,bigint,NO
structural_theme_graph_edges,edge_key,text,NO
structural_theme_graph_edges,source_node_key,text,NO
structural_theme_graph_edges,target_node_key,text,NO
structural_theme_graph_edges,source_node_type,text,NO
structural_theme_graph_edges,target_node_type,text,NO
structural_theme_graph_edges,edge_type,text,NO
structural_theme_graph_edges,direction,text,NO
structural_theme_graph_edges,theme_name,text,YES
structural_theme_graph_edges,anchor_theme_name,text,YES
structural_theme_graph_edges,edge_strength,numeric,NO
structural_theme_graph_edges,directional_strength,numeric,NO
structural_theme_graph_edges,confidence_score,numeric,NO
structural_theme_graph_edges,evidence_intensity,numeric,NO
structural_theme_graph_edges,persistence_score,numeric,NO
structural_theme_graph_edges,evidence_count,integer,NO
structural_theme_graph_edges,positive_evidence_count,integer,NO
structural_theme_graph_edges,negative_evidence_count,integer,NO
structural_theme_graph_edges,neutral_evidence_count,integer,NO
structural_theme_graph_edges,first_seen_run_date_sgt,date,NO
structural_theme_graph_edges,last_seen_run_date_sgt,date,NO
structural_theme_graph_edges,edge_metadata,jsonb,NO
structural_theme_graph_edges,evidence_summary,jsonb,NO
structural_theme_graph_edges,is_active,boolean,NO
structural_theme_graph_edges,created_at,timestamp with time zone,NO
structural_theme_graph_edges,updated_at,timestamp with time zone,NO
structural_theme_graph_evolution_phase_events,id,bigint,NO
structural_theme_graph_evolution_phase_events,run_date_sgt,date,NO
structural_theme_graph_evolution_phase_events,evolution_run_id,bigint,YES
structural_theme_graph_evolution_phase_events,pipeline_name,text,NO
structural_theme_graph_evolution_phase_events,phase_name,text,NO
structural_theme_graph_evolution_phase_events,phase_order,integer,NO
structural_theme_graph_evolution_phase_events,phase_status,text,NO
structural_theme_graph_evolution_phase_events,started_at,timestamp with time zone,YES
structural_theme_graph_evolution_phase_events,completed_at,timestamp with time zone,YES
structural_theme_graph_evolution_phase_events,runtime_seconds,numeric,YES
structural_theme_graph_evolution_phase_events,error_message,text,YES
structural_theme_graph_evolution_phase_events,metadata,jsonb,NO
structural_theme_graph_evolution_phase_events,created_at,timestamp with time zone,NO
structural_theme_graph_evolution_runs,id,bigint,NO
structural_theme_graph_evolution_runs,run_timestamp_sgt,timestamp with time zone,NO
structural_theme_graph_evolution_runs,run_date_sgt,date,NO
structural_theme_graph_evolution_runs,pipeline_name,text,NO
structural_theme_graph_evolution_runs,anchor_theme_name,text,NO
structural_theme_graph_evolution_runs,theme_name,text,YES
structural_theme_graph_evolution_runs,status,text,NO
structural_theme_graph_evolution_runs,github_run_id,text,YES
structural_theme_graph_evolution_runs,github_workflow,text,YES
structural_theme_graph_evolution_runs,github_repository,text,YES
structural_theme_graph_evolution_runs,github_branch,text,YES
structural_theme_graph_evolution_runs,phase3a1_status,text,YES
structural_theme_graph_evolution_runs,phase3a_status,text,YES
structural_theme_graph_evolution_runs,phase3a2_status,text,YES
structural_theme_graph_evolution_runs,phase3b_status,text,YES
structural_theme_graph_evolution_runs,phase3c_status,text,YES
structural_theme_graph_evolution_runs,phase3d_status,text,YES
structural_theme_graph_evolution_runs,phase3e_status,text,YES
structural_theme_graph_evolution_runs,phase4a_status,text,YES
structural_theme_graph_evolution_runs,phase4b_status,text,YES
structural_theme_graph_evolution_runs,phases_started,integer,NO
structural_theme_graph_evolution_runs,phases_succeeded,integer,NO
structural_theme_graph_evolution_runs,phases_failed,integer,NO
structural_theme_graph_evolution_runs,phases_skipped,integer,NO
structural_theme_graph_evolution_runs,total_runtime_seconds,numeric,YES
structural_theme_graph_evolution_runs,failure_phase,text,YES
structural_theme_graph_evolution_runs,error_message,text,YES
structural_theme_graph_evolution_runs,checkpoint_status,text,NO
structural_theme_graph_evolution_runs,evolution_metadata,jsonb,NO
structural_theme_graph_evolution_runs,created_at,timestamp with time zone,NO
structural_theme_graph_evolution_runs,updated_at,timestamp with time zone,NO
structural_theme_graph_intermediaries,id,bigint,NO
structural_theme_graph_intermediaries,run_date_sgt,date,NO
structural_theme_graph_intermediaries,intermediary_key,text,NO
structural_theme_graph_intermediaries,canonical_name,text,NO
structural_theme_graph_intermediaries,intermediary_category,text,NO
structural_theme_graph_intermediaries,inbound_edge_count,integer,NO
structural_theme_graph_intermediaries,outbound_edge_count,integer,NO
structural_theme_graph_intermediaries,total_edge_count,integer,YES
structural_theme_graph_intermediaries,source_theme_count,integer,NO
structural_theme_graph_intermediaries,target_theme_count,integer,NO
structural_theme_graph_intermediaries,continuity_potential,numeric,NO
structural_theme_graph_intermediaries,intermediary_activation_score,numeric,NO
structural_theme_graph_intermediaries,evidence_density,numeric,NO
structural_theme_graph_intermediaries,regime_stability,numeric,NO
structural_theme_graph_intermediaries,persistence_stability,numeric,NO
structural_theme_graph_intermediaries,normalized_forms,jsonb,NO
structural_theme_graph_intermediaries,component_scores,jsonb,NO
structural_theme_graph_intermediaries,metadata,jsonb,NO
structural_theme_graph_intermediaries,created_at,timestamp with time zone,NO
structural_theme_graph_intermediaries,updated_at,timestamp with time zone,NO
structural_theme_graph_intermediary_scores,id,bigint,NO
structural_theme_graph_intermediary_scores,run_date_sgt,date,NO
structural_theme_graph_intermediary_scores,intermediary_key,text,NO
structural_theme_graph_intermediary_scores,score_name,text,NO
structural_theme_graph_intermediary_scores,score_value,numeric,NO
structural_theme_graph_intermediary_scores,score_weight,numeric,NO
structural_theme_graph_intermediary_scores,score_reason,text,YES
structural_theme_graph_intermediary_scores,component_details,jsonb,NO
structural_theme_graph_intermediary_scores,created_at,timestamp with time zone,NO
structural_theme_graph_intermediary_snapshots,id,bigint,NO
structural_theme_graph_intermediary_snapshots,run_id,text,NO
structural_theme_graph_intermediary_snapshots,run_date_sgt,date,NO
structural_theme_graph_intermediary_snapshots,snapshot_type,text,NO
structural_theme_graph_intermediary_snapshots,total_intermediaries,integer,NO
structural_theme_graph_intermediary_snapshots,active_intermediaries,integer,NO
structural_theme_graph_intermediary_snapshots,top_intermediaries,jsonb,NO
structural_theme_graph_intermediary_snapshots,category_distribution,jsonb,NO
structural_theme_graph_intermediary_snapshots,aggregate_metrics,jsonb,NO
structural_theme_graph_intermediary_snapshots,created_at,timestamp with time zone,NO
structural_theme_graph_intermediary_telemetry,id,bigint,NO
structural_theme_graph_intermediary_telemetry,run_id,text,NO
structural_theme_graph_intermediary_telemetry,run_date_sgt,date,NO
structural_theme_graph_intermediary_telemetry,pipeline_name,text,NO
structural_theme_graph_intermediary_telemetry,status,text,NO
structural_theme_graph_intermediary_telemetry,edges_loaded,integer,NO
structural_theme_graph_intermediary_telemetry,candidate_nodes_loaded,integer,NO
structural_theme_graph_intermediary_telemetry,intermediaries_detected,integer,NO
structural_theme_graph_intermediary_telemetry,intermediaries_persisted,integer,NO
structural_theme_graph_intermediary_telemetry,validation_failures,integer,NO
structural_theme_graph_intermediary_telemetry,runtime_seconds,numeric,YES
structural_theme_graph_intermediary_telemetry,error_message,text,YES
structural_theme_graph_intermediary_telemetry,details,jsonb,NO
structural_theme_graph_intermediary_telemetry,created_at,timestamp with time zone,NO
structural_theme_graph_intermediary_validation,id,bigint,NO
structural_theme_graph_intermediary_validation,run_id,text,NO
structural_theme_graph_intermediary_validation,run_date_sgt,date,NO
structural_theme_graph_intermediary_validation,validation_name,text,NO
structural_theme_graph_intermediary_validation,validation_status,text,NO
structural_theme_graph_intermediary_validation,observed_value,numeric,YES
structural_theme_graph_intermediary_validation,threshold_value,numeric,YES
structural_theme_graph_intermediary_validation,message,text,YES
structural_theme_graph_intermediary_validation,details,jsonb,NO
structural_theme_graph_intermediary_validation,created_at,timestamp with time zone,NO
structural_theme_graph_nodes,id,bigint,NO
structural_theme_graph_nodes,node_key,text,NO
structural_theme_graph_nodes,node_type,text,NO
structural_theme_graph_nodes,node_label,text,NO
structural_theme_graph_nodes,theme_name,text,YES
structural_theme_graph_nodes,entity,text,YES
structural_theme_graph_nodes,sector,text,YES
structural_theme_graph_nodes,subsector,text,YES
structural_theme_graph_nodes,asset_class,text,YES
structural_theme_graph_nodes,node_metadata,jsonb,NO
structural_theme_graph_nodes,is_active,boolean,NO
structural_theme_graph_nodes,first_seen_run_date_sgt,date,NO
structural_theme_graph_nodes,last_seen_run_date_sgt,date,NO
structural_theme_graph_nodes,created_at,timestamp with time zone,NO
structural_theme_graph_nodes,updated_at,timestamp with time zone,NO
structural_theme_graph_persistence_snapshots,id,bigint,NO
structural_theme_graph_persistence_snapshots,snapshot_id,text,NO
structural_theme_graph_persistence_snapshots,run_date_sgt,date,NO
structural_theme_graph_persistence_snapshots,snapshot_version,text,NO
structural_theme_graph_persistence_snapshots,anchor_theme_name,text,YES
structural_theme_graph_persistence_snapshots,theme_name,text,YES
structural_theme_graph_persistence_snapshots,edges_analyzed,integer,NO
structural_theme_graph_persistence_snapshots,stable_edges,integer,NO
structural_theme_graph_persistence_snapshots,emerging_edges,integer,NO
structural_theme_graph_persistence_snapshots,reinforcing_edges,integer,NO
structural_theme_graph_persistence_snapshots,decaying_edges,integer,NO
structural_theme_graph_persistence_snapshots,volatile_edges,integer,NO
structural_theme_graph_persistence_snapshots,dormant_edges,integer,NO
structural_theme_graph_persistence_snapshots,avg_stability_score,numeric,YES
structural_theme_graph_persistence_snapshots,avg_reinforcement_score,numeric,YES
structural_theme_graph_persistence_snapshots,avg_decay_score,numeric,YES
structural_theme_graph_persistence_snapshots,avg_emergence_score,numeric,YES
structural_theme_graph_persistence_snapshots,strongest_persistent_edges,jsonb,NO
structural_theme_graph_persistence_snapshots,newest_emerging_edges,jsonb,NO
structural_theme_graph_persistence_snapshots,weakening_edges,jsonb,NO
structural_theme_graph_persistence_snapshots,validation_status,text,NO
structural_theme_graph_persistence_snapshots,validation_errors,jsonb,NO
structural_theme_graph_persistence_snapshots,validation_warnings,jsonb,NO
structural_theme_graph_persistence_snapshots,snapshot_metadata,jsonb,NO
structural_theme_graph_persistence_snapshots,created_at,timestamp with time zone,NO
structural_theme_graph_persistence_telemetry,id,bigint,NO
structural_theme_graph_persistence_telemetry,run_timestamp_sgt,timestamp with time zone,NO
structural_theme_graph_persistence_telemetry,run_date_sgt,date,NO
structural_theme_graph_persistence_telemetry,pipeline_name,text,NO
structural_theme_graph_persistence_telemetry,snapshot_id,text,YES
structural_theme_graph_persistence_telemetry,status,text,NO
structural_theme_graph_persistence_telemetry,edges_read,integer,NO
structural_theme_graph_persistence_telemetry,stability_rows_upserted,integer,NO
structural_theme_graph_persistence_telemetry,validation_status,text,YES
structural_theme_graph_persistence_telemetry,validation_error_count,integer,NO
structural_theme_graph_persistence_telemetry,validation_warning_count,integer,NO
structural_theme_graph_persistence_telemetry,runtime_seconds,numeric,YES
structural_theme_graph_persistence_telemetry,github_run_id,text,YES
structural_theme_graph_persistence_telemetry,github_workflow,text,YES
structural_theme_graph_persistence_telemetry,github_repository,text,YES
structural_theme_graph_persistence_telemetry,github_branch,text,YES
structural_theme_graph_persistence_telemetry,error_message,text,YES
structural_theme_graph_persistence_telemetry,telemetry_metadata,jsonb,NO
structural_theme_graph_persistence_telemetry,created_at,timestamp with time zone,NO
structural_theme_graph_pressure_accumulation,id,bigint,NO
structural_theme_graph_pressure_accumulation,run_date_sgt,date,NO
structural_theme_graph_pressure_accumulation,pressure_key,text,NO
structural_theme_graph_pressure_accumulation,pressure_scope,text,NO
structural_theme_graph_pressure_accumulation,anchor_theme_name,text,YES
structural_theme_graph_pressure_accumulation,theme_name,text,YES
structural_theme_graph_pressure_accumulation,source_node_key,text,YES
structural_theme_graph_pressure_accumulation,target_node_key,text,YES
structural_theme_graph_pressure_accumulation,target_node_type,text,YES
structural_theme_graph_pressure_accumulation,edge_type,text,YES
structural_theme_graph_pressure_accumulation,pressure_direction,text,NO
structural_theme_graph_pressure_accumulation,pressure_score,numeric,NO
structural_theme_graph_pressure_accumulation,positive_pressure,numeric,NO
structural_theme_graph_pressure_accumulation,negative_pressure,numeric,NO
structural_theme_graph_pressure_accumulation,reinforcing_pressure,numeric,NO
structural_theme_graph_pressure_accumulation,decay_pressure,numeric,NO
structural_theme_graph_pressure_accumulation,emergence_pressure,numeric,NO
structural_theme_graph_pressure_accumulation,drift_pressure,numeric,NO
structural_theme_graph_pressure_accumulation,persistence_pressure,numeric,NO
structural_theme_graph_pressure_accumulation,volatility_pressure,numeric,NO
structural_theme_graph_pressure_accumulation,saturation_score,numeric,NO
structural_theme_graph_pressure_accumulation,imbalance_score,numeric,NO
structural_theme_graph_pressure_accumulation,pressure_regime,text,NO
structural_theme_graph_pressure_accumulation,pressure_status,text,NO
structural_theme_graph_pressure_accumulation,contributing_edges,integer,NO
structural_theme_graph_pressure_accumulation,contributing_transitions,integer,NO
structural_theme_graph_pressure_accumulation,contributing_drift_events,integer,NO
structural_theme_graph_pressure_accumulation,pressure_metadata,jsonb,NO
structural_theme_graph_pressure_accumulation,created_at,timestamp with time zone,NO
structural_theme_graph_pressure_accumulation,updated_at,timestamp with time zone,NO
structural_theme_graph_pressure_snapshots,id,bigint,NO
structural_theme_graph_pressure_snapshots,snapshot_id,text,NO
structural_theme_graph_pressure_snapshots,run_date_sgt,date,NO
structural_theme_graph_pressure_snapshots,snapshot_version,text,NO
structural_theme_graph_pressure_snapshots,anchor_theme_name,text,YES
structural_theme_graph_pressure_snapshots,theme_name,text,YES
structural_theme_graph_pressure_snapshots,pressure_rows_generated,integer,NO
structural_theme_graph_pressure_snapshots,low_pressure_count,integer,NO
structural_theme_graph_pressure_snapshots,moderate_pressure_count,integer,NO
structural_theme_graph_pressure_snapshots,high_pressure_count,integer,NO
structural_theme_graph_pressure_snapshots,extreme_pressure_count,integer,NO
structural_theme_graph_pressure_snapshots,building_count,integer,NO
structural_theme_graph_pressure_snapshots,persistent_count,integer,NO
structural_theme_graph_pressure_snapshots,stressed_count,integer,NO
structural_theme_graph_pressure_snapshots,saturated_count,integer,NO
structural_theme_graph_pressure_snapshots,imbalanced_count,integer,NO
structural_theme_graph_pressure_snapshots,releasing_count,integer,NO
structural_theme_graph_pressure_snapshots,avg_pressure_score,numeric,YES
structural_theme_graph_pressure_snapshots,avg_saturation_score,numeric,YES
structural_theme_graph_pressure_snapshots,avg_imbalance_score,numeric,YES
structural_theme_graph_pressure_snapshots,highest_pressure_nodes,jsonb,NO
structural_theme_graph_pressure_snapshots,highest_pressure_scopes,jsonb,NO
structural_theme_graph_pressure_snapshots,largest_imbalances,jsonb,NO
structural_theme_graph_pressure_snapshots,validation_status,text,NO
structural_theme_graph_pressure_snapshots,validation_errors,jsonb,NO
structural_theme_graph_pressure_snapshots,validation_warnings,jsonb,NO
structural_theme_graph_pressure_snapshots,snapshot_metadata,jsonb,NO
structural_theme_graph_pressure_snapshots,created_at,timestamp with time zone,NO
structural_theme_graph_pressure_telemetry,id,bigint,NO
structural_theme_graph_pressure_telemetry,run_timestamp_sgt,timestamp with time zone,NO
structural_theme_graph_pressure_telemetry,run_date_sgt,date,NO
structural_theme_graph_pressure_telemetry,pipeline_name,text,NO
structural_theme_graph_pressure_telemetry,snapshot_id,text,YES
structural_theme_graph_pressure_telemetry,status,text,NO
structural_theme_graph_pressure_telemetry,stability_rows_read,integer,NO
structural_theme_graph_pressure_telemetry,transition_rows_read,integer,NO
structural_theme_graph_pressure_telemetry,drift_rows_read,integer,NO
structural_theme_graph_pressure_telemetry,pressure_rows_upserted,integer,NO
structural_theme_graph_pressure_telemetry,validation_status,text,YES
structural_theme_graph_pressure_telemetry,validation_error_count,integer,NO
structural_theme_graph_pressure_telemetry,validation_warning_count,integer,NO
structural_theme_graph_pressure_telemetry,runtime_seconds,numeric,YES
structural_theme_graph_pressure_telemetry,github_run_id,text,YES
structural_theme_graph_pressure_telemetry,github_workflow,text,YES
structural_theme_graph_pressure_telemetry,github_repository,text,YES
structural_theme_graph_pressure_telemetry,github_branch,text,YES
structural_theme_graph_pressure_telemetry,error_message,text,YES
structural_theme_graph_pressure_telemetry,telemetry_metadata,jsonb,NO
structural_theme_graph_pressure_telemetry,created_at,timestamp with time zone,NO
structural_theme_graph_propagation_corridors,id,bigint,NO
structural_theme_graph_propagation_corridors,run_id,text,NO
structural_theme_graph_propagation_corridors,run_date_sgt,date,NO
structural_theme_graph_propagation_corridors,corridor_hash,text,NO
structural_theme_graph_propagation_corridors,corridor_key,text,NO
structural_theme_graph_propagation_corridors,corridor_type,text,NO
structural_theme_graph_propagation_corridors,corridor_classification,text,NO
structural_theme_graph_propagation_corridors,source_node_key,text,NO
structural_theme_graph_propagation_corridors,target_node_key,text,NO
structural_theme_graph_propagation_corridors,intermediary_node_keys,jsonb,NO
structural_theme_graph_propagation_corridors,path_nodes,jsonb,NO
structural_theme_graph_propagation_corridors,path_edges,jsonb,NO
structural_theme_graph_propagation_corridors,hop_count,integer,NO
structural_theme_graph_propagation_corridors,source_edge_count,integer,NO
structural_theme_graph_propagation_corridors,seed_edge_count,integer,NO
structural_theme_graph_propagation_corridors,canonical_edge_count,integer,NO
structural_theme_graph_propagation_corridors,reuse_frequency,integer,NO
structural_theme_graph_propagation_corridors,avg_edge_strength,numeric,NO
structural_theme_graph_propagation_corridors,avg_directional_strength,numeric,NO
structural_theme_graph_propagation_corridors,avg_confidence_score,numeric,NO
structural_theme_graph_propagation_corridors,avg_evidence_intensity,numeric,NO
structural_theme_graph_propagation_corridors,avg_persistence_score,numeric,NO
structural_theme_graph_propagation_corridors,intermediary_activation_score,numeric,NO
structural_theme_graph_propagation_corridors,evidence_density,numeric,NO
structural_theme_graph_propagation_corridors,regime_stability,numeric,NO
structural_theme_graph_propagation_corridors,persistence_stability,numeric,NO
structural_theme_graph_propagation_corridors,corridor_strength,numeric,NO
structural_theme_graph_propagation_corridors,corridor_persistence,numeric,NO
structural_theme_graph_propagation_corridors,corridor_stability,numeric,NO
structural_theme_graph_propagation_corridors,corridor_reuse_score,numeric,NO
structural_theme_graph_propagation_corridors,corridor_intelligence_score,numeric,NO
structural_theme_graph_propagation_corridors,bottleneck_node_key,text,YES
structural_theme_graph_propagation_corridors,bottleneck_score,numeric,NO
structural_theme_graph_propagation_corridors,bottleneck_reason,text,YES
structural_theme_graph_propagation_corridors,regime_sensitivity,text,NO
structural_theme_graph_propagation_corridors,dominant_pathway_flag,boolean,NO
structural_theme_graph_propagation_corridors,metadata,jsonb,NO
structural_theme_graph_propagation_corridors,component_scores,jsonb,NO
structural_theme_graph_propagation_corridors,created_at,timestamp with time zone,NO
structural_theme_graph_propagation_corridors,updated_at,timestamp with time zone,NO
structural_theme_graph_propagation_memory,id,bigint,NO
structural_theme_graph_propagation_memory,run_date_sgt,date,NO
structural_theme_graph_propagation_memory,memory_key,text,NO
structural_theme_graph_propagation_memory,propagation_key,text,NO
structural_theme_graph_propagation_memory,anchor_theme_name,text,YES
structural_theme_graph_propagation_memory,theme_name,text,YES
structural_theme_graph_propagation_memory,source_node_key,text,NO
structural_theme_graph_propagation_memory,target_node_key,text,NO
structural_theme_graph_propagation_memory,source_node_type,text,YES
structural_theme_graph_propagation_memory,target_node_type,text,YES
structural_theme_graph_propagation_memory,edge_key,text,YES
structural_theme_graph_propagation_memory,edge_type,text,YES
structural_theme_graph_propagation_memory,first_seen_date_sgt,date,YES
structural_theme_graph_propagation_memory,last_seen_date_sgt,date,YES
structural_theme_graph_propagation_memory,observation_count,integer,NO
structural_theme_graph_propagation_memory,active_days,integer,NO
structural_theme_graph_propagation_memory,latest_propagated_pressure_score,numeric,NO
structural_theme_graph_propagation_memory,avg_propagated_pressure_score,numeric,NO
structural_theme_graph_propagation_memory,max_propagated_pressure_score,numeric,NO
structural_theme_graph_propagation_memory,min_propagated_pressure_score,numeric,NO
structural_theme_graph_propagation_memory,pressure_change_abs,numeric,NO
structural_theme_graph_propagation_memory,pressure_change_pct,numeric,YES
structural_theme_graph_propagation_memory,propagation_persistence_score,numeric,NO
structural_theme_graph_propagation_memory,propagation_reinforcement_score,numeric,NO
structural_theme_graph_propagation_memory,propagation_decay_score,numeric,NO
structural_theme_graph_propagation_memory,propagation_exhaustion_score,numeric,NO
structural_theme_graph_propagation_memory,carry_forward_score,numeric,NO
structural_theme_graph_propagation_memory,half_life_proxy_days,numeric,YES
structural_theme_graph_propagation_memory,memory_regime,text,NO
structural_theme_graph_propagation_memory,memory_status,text,NO
structural_theme_graph_propagation_memory,memory_metadata,jsonb,NO
structural_theme_graph_propagation_memory,created_at,timestamp with time zone,NO
structural_theme_graph_propagation_memory,updated_at,timestamp with time zone,NO
structural_theme_graph_propagation_memory_snapshots,id,bigint,NO
structural_theme_graph_propagation_memory_snapshots,snapshot_id,text,NO
structural_theme_graph_propagation_memory_snapshots,run_date_sgt,date,NO
structural_theme_graph_propagation_memory_snapshots,snapshot_version,text,NO
structural_theme_graph_propagation_memory_snapshots,anchor_theme_name,text,YES
structural_theme_graph_propagation_memory_snapshots,theme_name,text,YES
structural_theme_graph_propagation_memory_snapshots,propagation_rows_read,integer,NO
structural_theme_graph_propagation_memory_snapshots,memory_rows_generated,integer,NO
structural_theme_graph_propagation_memory_snapshots,insufficient_memory_count,integer,NO
structural_theme_graph_propagation_memory_snapshots,persistent_count,integer,NO
structural_theme_graph_propagation_memory_snapshots,reinforcing_count,integer,NO
structural_theme_graph_propagation_memory_snapshots,decaying_count,integer,NO
structural_theme_graph_propagation_memory_snapshots,exhausted_count,integer,NO
structural_theme_graph_propagation_memory_snapshots,volatile_count,integer,NO
structural_theme_graph_propagation_memory_snapshots,dormant_count,integer,NO
structural_theme_graph_propagation_memory_snapshots,avg_carry_forward_score,numeric,YES
structural_theme_graph_propagation_memory_snapshots,avg_decay_score,numeric,YES
structural_theme_graph_propagation_memory_snapshots,avg_reinforcement_score,numeric,YES
structural_theme_graph_propagation_memory_snapshots,avg_persistence_score,numeric,YES
structural_theme_graph_propagation_memory_snapshots,strongest_memory_paths,jsonb,NO
structural_theme_graph_propagation_memory_snapshots,fastest_decaying_paths,jsonb,NO
structural_theme_graph_propagation_memory_snapshots,strongest_reinforcing_paths,jsonb,NO
structural_theme_graph_propagation_memory_snapshots,validation_status,text,NO
structural_theme_graph_propagation_memory_snapshots,validation_errors,jsonb,NO
structural_theme_graph_propagation_memory_snapshots,validation_warnings,jsonb,NO
structural_theme_graph_propagation_memory_snapshots,snapshot_metadata,jsonb,NO
structural_theme_graph_propagation_memory_snapshots,created_at,timestamp with time zone,NO
structural_theme_graph_propagation_memory_telemetry,id,bigint,NO
structural_theme_graph_propagation_memory_telemetry,run_timestamp_sgt,timestamp with time zone,NO
structural_theme_graph_propagation_memory_telemetry,run_date_sgt,date,NO
structural_theme_graph_propagation_memory_telemetry,pipeline_name,text,NO
structural_theme_graph_propagation_memory_telemetry,snapshot_id,text,YES
structural_theme_graph_propagation_memory_telemetry,status,text,NO
structural_theme_graph_propagation_memory_telemetry,propagation_rows_read,integer,NO
structural_theme_graph_propagation_memory_telemetry,memory_rows_upserted,integer,NO
structural_theme_graph_propagation_memory_telemetry,validation_status,text,YES
structural_theme_graph_propagation_memory_telemetry,validation_error_count,integer,NO
structural_theme_graph_propagation_memory_telemetry,validation_warning_count,integer,NO
structural_theme_graph_propagation_memory_telemetry,runtime_seconds,numeric,YES
structural_theme_graph_propagation_memory_telemetry,github_run_id,text,YES
structural_theme_graph_propagation_memory_telemetry,github_workflow,text,YES
structural_theme_graph_propagation_memory_telemetry,github_repository,text,YES
structural_theme_graph_propagation_memory_telemetry,github_branch,text,YES
structural_theme_graph_propagation_memory_telemetry,error_message,text,YES
structural_theme_graph_propagation_memory_telemetry,telemetry_metadata,jsonb,NO
structural_theme_graph_propagation_memory_telemetry,created_at,timestamp with time zone,NO
structural_theme_graph_propagation_replay_runs,id,bigint,NO
structural_theme_graph_propagation_replay_runs,run_timestamp_sgt,timestamp with time zone,NO
structural_theme_graph_propagation_replay_runs,run_date_sgt,date,NO
structural_theme_graph_propagation_replay_runs,pipeline_name,text,NO
structural_theme_graph_propagation_replay_runs,anchor_theme_name,text,NO
structural_theme_graph_propagation_replay_runs,theme_name,text,YES
structural_theme_graph_propagation_replay_runs,replay_start_date_sgt,date,YES
structural_theme_graph_propagation_replay_runs,replay_end_date_sgt,date,YES
structural_theme_graph_propagation_replay_runs,replay_days,integer,NO
structural_theme_graph_propagation_replay_runs,status,text,NO
structural_theme_graph_propagation_replay_runs,edge_history_rows_read,integer,NO
structural_theme_graph_propagation_replay_runs,pressure_rows_read,integer,NO
structural_theme_graph_propagation_replay_runs,transmission_rows_read,integer,NO
structural_theme_graph_propagation_replay_runs,replay_rows_generated,integer,NO
structural_theme_graph_propagation_replay_runs,replay_rows_upserted,integer,NO
structural_theme_graph_propagation_replay_runs,memory_rows_rebuilt,integer,NO
structural_theme_graph_propagation_replay_runs,validation_status,text,YES
structural_theme_graph_propagation_replay_runs,validation_error_count,integer,NO
structural_theme_graph_propagation_replay_runs,validation_warning_count,integer,NO
structural_theme_graph_propagation_replay_runs,runtime_seconds,numeric,YES
structural_theme_graph_propagation_replay_runs,github_run_id,text,YES
structural_theme_graph_propagation_replay_runs,github_workflow,text,YES
structural_theme_graph_propagation_replay_runs,github_repository,text,YES
structural_theme_graph_propagation_replay_runs,github_branch,text,YES
structural_theme_graph_propagation_replay_runs,error_message,text,YES
structural_theme_graph_propagation_replay_runs,replay_metadata,jsonb,NO
structural_theme_graph_propagation_replay_runs,created_at,timestamp with time zone,NO
structural_theme_graph_propagation_replay_snapshots,id,bigint,NO
structural_theme_graph_propagation_replay_snapshots,snapshot_id,text,NO
structural_theme_graph_propagation_replay_snapshots,run_date_sgt,date,NO
structural_theme_graph_propagation_replay_snapshots,snapshot_version,text,NO
structural_theme_graph_propagation_replay_snapshots,anchor_theme_name,text,YES
structural_theme_graph_propagation_replay_snapshots,theme_name,text,YES
structural_theme_graph_propagation_replay_snapshots,replay_start_date_sgt,date,YES
structural_theme_graph_propagation_replay_snapshots,replay_end_date_sgt,date,YES
structural_theme_graph_propagation_replay_snapshots,replay_days,integer,NO
structural_theme_graph_propagation_replay_snapshots,replay_rows_generated,integer,NO
structural_theme_graph_propagation_replay_snapshots,replay_rows_upserted,integer,NO
structural_theme_graph_propagation_replay_snapshots,memory_rows_rebuilt,integer,NO
structural_theme_graph_propagation_replay_snapshots,insufficient_memory_count,integer,NO
structural_theme_graph_propagation_replay_snapshots,persistent_count,integer,NO
structural_theme_graph_propagation_replay_snapshots,reinforcing_count,integer,NO
structural_theme_graph_propagation_replay_snapshots,decaying_count,integer,NO
structural_theme_graph_propagation_replay_snapshots,exhausted_count,integer,NO
structural_theme_graph_propagation_replay_snapshots,volatile_count,integer,NO
structural_theme_graph_propagation_replay_snapshots,dormant_count,integer,NO
structural_theme_graph_propagation_replay_snapshots,avg_replayed_pressure_score,numeric,YES
structural_theme_graph_propagation_replay_snapshots,avg_carry_forward_score,numeric,YES
structural_theme_graph_propagation_replay_snapshots,avg_decay_score,numeric,YES
structural_theme_graph_propagation_replay_snapshots,avg_reinforcement_score,numeric,YES
structural_theme_graph_propagation_replay_snapshots,strongest_replayed_paths,jsonb,NO
structural_theme_graph_propagation_replay_snapshots,strongest_backfilled_memory_paths,jsonb,NO
structural_theme_graph_propagation_replay_snapshots,fastest_decaying_backfilled_paths,jsonb,NO
structural_theme_graph_propagation_replay_snapshots,validation_status,text,NO
structural_theme_graph_propagation_replay_snapshots,validation_errors,jsonb,NO
structural_theme_graph_propagation_replay_snapshots,validation_warnings,jsonb,NO
structural_theme_graph_propagation_replay_snapshots,snapshot_metadata,jsonb,NO
structural_theme_graph_propagation_replay_snapshots,created_at,timestamp with time zone,NO
structural_theme_graph_regime_corridor_dynamics_summary,id,bigint,NO
structural_theme_graph_regime_corridor_dynamics_summary,run_id,text,NO
structural_theme_graph_regime_corridor_dynamics_summary,run_date_sgt,date,NO
structural_theme_graph_regime_corridor_dynamics_summary,regime_sensitivity,text,NO
structural_theme_graph_regime_corridor_dynamics_summary,corridor_count,integer,NO
structural_theme_graph_regime_corridor_dynamics_summary,dominant_corridor_count,integer,NO
structural_theme_graph_regime_corridor_dynamics_summary,transition_flag_count,integer,NO
structural_theme_graph_regime_corridor_dynamics_summary,active_corridor_count,integer,NO
structural_theme_graph_regime_corridor_dynamics_summary,emerging_corridor_count,integer,NO
structural_theme_graph_regime_corridor_dynamics_summary,decaying_corridor_count,integer,NO
structural_theme_graph_regime_corridor_dynamics_summary,dormant_corridor_count,integer,NO
structural_theme_graph_regime_corridor_dynamics_summary,reactivating_corridor_count,integer,NO
structural_theme_graph_regime_corridor_dynamics_summary,avg_corridor_intelligence_score,numeric,NO
structural_theme_graph_regime_corridor_dynamics_summary,avg_score_delta_previous,numeric,YES
structural_theme_graph_regime_corridor_dynamics_summary,avg_corridor_drift_score,numeric,NO
structural_theme_graph_regime_corridor_dynamics_summary,avg_stress_accumulation_score,numeric,NO
structural_theme_graph_regime_corridor_dynamics_summary,avg_survivability_score,numeric,NO
structural_theme_graph_regime_corridor_dynamics_summary,max_stress_accumulation_score,numeric,NO
structural_theme_graph_regime_corridor_dynamics_summary,regime_dynamics_classification,text,NO
structural_theme_graph_regime_corridor_dynamics_summary,metadata,jsonb,NO
structural_theme_graph_regime_corridor_dynamics_summary,created_at,timestamp with time zone,NO
structural_theme_graph_regime_forecast_summary,id,bigint,NO
structural_theme_graph_regime_forecast_summary,run_id,text,NO
structural_theme_graph_regime_forecast_summary,run_date_sgt,date,NO
structural_theme_graph_regime_forecast_summary,regime_sensitivity,text,NO
structural_theme_graph_regime_forecast_summary,forecast_horizon_days,integer,NO
structural_theme_graph_regime_forecast_summary,forecast_count,integer,NO
structural_theme_graph_regime_forecast_summary,priority_forecast_count,integer,NO
structural_theme_graph_regime_forecast_summary,transition_watch_count,integer,NO
structural_theme_graph_regime_forecast_summary,instability_watch_count,integer,NO
structural_theme_graph_regime_forecast_summary,continuation_watch_count,integer,NO
structural_theme_graph_regime_forecast_summary,high_confidence_forecast_count,integer,NO
structural_theme_graph_regime_forecast_summary,avg_continuation_probability_score,numeric,NO
structural_theme_graph_regime_forecast_summary,avg_instability_pressure_score,numeric,NO
structural_theme_graph_regime_forecast_summary,avg_regime_transition_likelihood_score,numeric,NO
structural_theme_graph_regime_forecast_summary,avg_structural_fragility_score,numeric,NO
structural_theme_graph_regime_forecast_summary,avg_pathway_dominance_forecast_score,numeric,NO
structural_theme_graph_regime_forecast_summary,avg_forecast_confidence_score,numeric,NO
structural_theme_graph_regime_forecast_summary,avg_propagation_regime_forecast_score,numeric,NO
structural_theme_graph_regime_forecast_summary,max_propagation_regime_forecast_score,numeric,NO
structural_theme_graph_regime_forecast_summary,regime_forecast_classification,text,NO
structural_theme_graph_regime_forecast_summary,dominant_forecast_signal,text,NO
structural_theme_graph_regime_forecast_summary,top_corridor_hashes,jsonb,NO
structural_theme_graph_regime_forecast_summary,metadata,jsonb,NO
structural_theme_graph_regime_forecast_summary,created_at,timestamp with time zone,NO
structural_theme_graph_regime_forecast_telemetry,id,bigint,NO
structural_theme_graph_regime_forecast_telemetry,run_id,text,NO
structural_theme_graph_regime_forecast_telemetry,run_date_sgt,date,NO
structural_theme_graph_regime_forecast_telemetry,pipeline_name,text,NO
structural_theme_graph_regime_forecast_telemetry,status,text,NO
structural_theme_graph_regime_forecast_telemetry,dynamics_loaded,integer,NO
structural_theme_graph_regime_forecast_telemetry,regime_summaries_loaded,integer,NO
structural_theme_graph_regime_forecast_telemetry,historical_dynamics_loaded,integer,NO
structural_theme_graph_regime_forecast_telemetry,forecasts_generated,integer,NO
structural_theme_graph_regime_forecast_telemetry,forecasts_persisted,integer,NO
structural_theme_graph_regime_forecast_telemetry,summaries_persisted,integer,NO
structural_theme_graph_regime_forecast_telemetry,priority_forecasts_detected,integer,NO
structural_theme_graph_regime_forecast_telemetry,transition_watch_detected,integer,NO
structural_theme_graph_regime_forecast_telemetry,instability_watch_detected,integer,NO
structural_theme_graph_regime_forecast_telemetry,continuation_watch_detected,integer,NO
structural_theme_graph_regime_forecast_telemetry,validation_failures,integer,NO
structural_theme_graph_regime_forecast_telemetry,runtime_seconds,numeric,YES
structural_theme_graph_regime_forecast_telemetry,error_message,text,YES
structural_theme_graph_regime_forecast_telemetry,details,jsonb,NO
structural_theme_graph_regime_forecast_telemetry,created_at,timestamp with time zone,NO
structural_theme_graph_regime_forecast_validation,id,bigint,NO
structural_theme_graph_regime_forecast_validation,run_id,text,NO
structural_theme_graph_regime_forecast_validation,run_date_sgt,date,NO
structural_theme_graph_regime_forecast_validation,validation_name,text,NO
structural_theme_graph_regime_forecast_validation,validation_status,text,NO
structural_theme_graph_regime_forecast_validation,observed_value,numeric,YES
structural_theme_graph_regime_forecast_validation,threshold_value,numeric,YES
structural_theme_graph_regime_forecast_validation,message,text,YES
structural_theme_graph_regime_forecast_validation,details,jsonb,NO
structural_theme_graph_regime_forecast_validation,created_at,timestamp with time zone,NO
structural_theme_graph_regime_transitions,id,bigint,NO
structural_theme_graph_regime_transitions,run_date_sgt,date,NO
structural_theme_graph_regime_transitions,edge_key,text,NO
structural_theme_graph_regime_transitions,source_node_key,text,NO
structural_theme_graph_regime_transitions,target_node_key,text,NO
structural_theme_graph_regime_transitions,edge_type,text,NO
structural_theme_graph_regime_transitions,theme_name,text,YES
structural_theme_graph_regime_transitions,anchor_theme_name,text,YES
structural_theme_graph_regime_transitions,previous_temporal_regime,text,YES
structural_theme_graph_regime_transitions,current_temporal_regime,text,NO
structural_theme_graph_regime_transitions,previous_relationship_status,text,YES
structural_theme_graph_regime_transitions,current_relationship_status,text,NO
structural_theme_graph_regime_transitions,transition_type,text,NO
structural_theme_graph_regime_transitions,transition_direction,text,NO
structural_theme_graph_regime_transitions,transition_strength,numeric,NO
structural_theme_graph_regime_transitions,stability_delta,numeric,NO
structural_theme_graph_regime_transitions,reinforcement_delta,numeric,NO
structural_theme_graph_regime_transitions,decay_delta,numeric,NO
structural_theme_graph_regime_transitions,emergence_delta,numeric,NO
structural_theme_graph_regime_transitions,previous_stability_score,numeric,YES
structural_theme_graph_regime_transitions,current_stability_score,numeric,YES
structural_theme_graph_regime_transitions,previous_reinforcement_score,numeric,YES
structural_theme_graph_regime_transitions,current_reinforcement_score,numeric,YES
structural_theme_graph_regime_transitions,previous_decay_score,numeric,YES
structural_theme_graph_regime_transitions,current_decay_score,numeric,YES
structural_theme_graph_regime_transitions,previous_emergence_score,numeric,YES
structural_theme_graph_regime_transitions,current_emergence_score,numeric,YES
structural_theme_graph_regime_transitions,transition_metadata,jsonb,NO
structural_theme_graph_regime_transitions,created_at,timestamp with time zone,NO
structural_theme_graph_regime_transitions,updated_at,timestamp with time zone,NO
structural_theme_graph_single_hop_propagation,id,bigint,NO
structural_theme_graph_single_hop_propagation,run_date_sgt,date,NO
structural_theme_graph_single_hop_propagation,propagation_key,text,NO
structural_theme_graph_single_hop_propagation,anchor_theme_name,text,YES
structural_theme_graph_single_hop_propagation,theme_name,text,YES
structural_theme_graph_single_hop_propagation,source_node_key,text,NO
structural_theme_graph_single_hop_propagation,target_node_key,text,NO
structural_theme_graph_single_hop_propagation,source_node_type,text,YES
structural_theme_graph_single_hop_propagation,target_node_type,text,YES
structural_theme_graph_single_hop_propagation,edge_key,text,YES
structural_theme_graph_single_hop_propagation,edge_type,text,YES
structural_theme_graph_single_hop_propagation,transmission_key,text,YES
structural_theme_graph_single_hop_propagation,pressure_key,text,YES
structural_theme_graph_single_hop_propagation,source_pressure_score,numeric,NO
structural_theme_graph_single_hop_propagation,source_transmission_potential_score,numeric,NO
structural_theme_graph_single_hop_propagation,edge_strength,numeric,NO
structural_theme_graph_single_hop_propagation,edge_confidence_score,numeric,NO
structural_theme_graph_single_hop_propagation,evidence_intensity,numeric,NO
structural_theme_graph_single_hop_propagation,persistence_score,numeric,NO
structural_theme_graph_single_hop_propagation,propagation_input_score,numeric,NO
structural_theme_graph_single_hop_propagation,propagation_transfer_weight,numeric,NO
structural_theme_graph_single_hop_propagation,propagated_pressure_score,numeric,NO
structural_theme_graph_single_hop_propagation,propagated_positive_pressure,numeric,NO
structural_theme_graph_single_hop_propagation,propagated_negative_pressure,numeric,NO
structural_theme_graph_single_hop_propagation,propagation_direction,text,NO
structural_theme_graph_single_hop_propagation,propagation_regime,text,NO
structural_theme_graph_single_hop_propagation,propagation_status,text,NO
structural_theme_graph_single_hop_propagation,bottleneck_modifier,numeric,NO
structural_theme_graph_single_hop_propagation,fragility_modifier,numeric,NO
structural_theme_graph_single_hop_propagation,saturation_modifier,numeric,NO
structural_theme_graph_single_hop_propagation,confidence_modifier,numeric,NO
structural_theme_graph_single_hop_propagation,propagation_metadata,jsonb,NO
structural_theme_graph_single_hop_propagation,created_at,timestamp with time zone,NO
structural_theme_graph_single_hop_propagation,updated_at,timestamp with time zone,NO
structural_theme_graph_single_hop_snapshots,id,bigint,NO
structural_theme_graph_single_hop_snapshots,snapshot_id,text,NO
structural_theme_graph_single_hop_snapshots,run_date_sgt,date,NO
structural_theme_graph_single_hop_snapshots,snapshot_version,text,NO
structural_theme_graph_single_hop_snapshots,anchor_theme_name,text,YES
structural_theme_graph_single_hop_snapshots,theme_name,text,YES
structural_theme_graph_single_hop_snapshots,source_edges_read,integer,NO
structural_theme_graph_single_hop_snapshots,pressure_rows_read,integer,NO
structural_theme_graph_single_hop_snapshots,transmission_rows_read,integer,NO
structural_theme_graph_single_hop_snapshots,propagation_rows_generated,integer,NO
structural_theme_graph_single_hop_snapshots,low_propagation_count,integer,NO
structural_theme_graph_single_hop_snapshots,moderate_propagation_count,integer,NO
structural_theme_graph_single_hop_snapshots,high_propagation_count,integer,NO
structural_theme_graph_single_hop_snapshots,extreme_propagation_count,integer,NO
structural_theme_graph_single_hop_snapshots,active_count,integer,NO
structural_theme_graph_single_hop_snapshots,watchlist_count,integer,NO
structural_theme_graph_single_hop_snapshots,constrained_count,integer,NO
structural_theme_graph_single_hop_snapshots,fragile_count,integer,NO
structural_theme_graph_single_hop_snapshots,saturated_count,integer,NO
structural_theme_graph_single_hop_snapshots,avg_propagated_pressure_score,numeric,YES
structural_theme_graph_single_hop_snapshots,avg_transfer_weight,numeric,YES
structural_theme_graph_single_hop_snapshots,avg_input_score,numeric,YES
structural_theme_graph_single_hop_snapshots,strongest_single_hop_paths,jsonb,NO
structural_theme_graph_single_hop_snapshots,constrained_paths,jsonb,NO
structural_theme_graph_single_hop_snapshots,fragile_paths,jsonb,NO
structural_theme_graph_single_hop_snapshots,validation_status,text,NO
structural_theme_graph_single_hop_snapshots,validation_errors,jsonb,NO
structural_theme_graph_single_hop_snapshots,validation_warnings,jsonb,NO
structural_theme_graph_single_hop_snapshots,snapshot_metadata,jsonb,NO
structural_theme_graph_single_hop_snapshots,created_at,timestamp with time zone,NO
structural_theme_graph_single_hop_telemetry,id,bigint,NO
structural_theme_graph_single_hop_telemetry,run_timestamp_sgt,timestamp with time zone,NO
structural_theme_graph_single_hop_telemetry,run_date_sgt,date,NO
structural_theme_graph_single_hop_telemetry,pipeline_name,text,NO
structural_theme_graph_single_hop_telemetry,snapshot_id,text,YES
structural_theme_graph_single_hop_telemetry,status,text,NO
structural_theme_graph_single_hop_telemetry,source_edges_read,integer,NO
structural_theme_graph_single_hop_telemetry,pressure_rows_read,integer,NO
structural_theme_graph_single_hop_telemetry,transmission_rows_read,integer,NO
structural_theme_graph_single_hop_telemetry,propagation_rows_upserted,integer,NO
structural_theme_graph_single_hop_telemetry,validation_status,text,YES
structural_theme_graph_single_hop_telemetry,validation_error_count,integer,NO
structural_theme_graph_single_hop_telemetry,validation_warning_count,integer,NO
structural_theme_graph_single_hop_telemetry,runtime_seconds,numeric,YES
structural_theme_graph_single_hop_telemetry,github_run_id,text,YES
structural_theme_graph_single_hop_telemetry,github_workflow,text,YES
structural_theme_graph_single_hop_telemetry,github_repository,text,YES
structural_theme_graph_single_hop_telemetry,github_branch,text,YES
structural_theme_graph_single_hop_telemetry,error_message,text,YES
structural_theme_graph_single_hop_telemetry,telemetry_metadata,jsonb,NO
structural_theme_graph_single_hop_telemetry,created_at,timestamp with time zone,NO
structural_theme_graph_snapshots,id,bigint,NO
structural_theme_graph_snapshots,snapshot_id,text,NO
structural_theme_graph_snapshots,snapshot_version,text,NO
structural_theme_graph_snapshots,run_date_sgt,date,NO
structural_theme_graph_snapshots,graph_scope,text,NO
structural_theme_graph_snapshots,anchor_theme_name,text,YES
structural_theme_graph_snapshots,node_count,integer,NO
structural_theme_graph_snapshots,edge_count,integer,NO
structural_theme_graph_snapshots,active_node_count,integer,NO
structural_theme_graph_snapshots,active_edge_count,integer,NO
structural_theme_graph_snapshots,theme_node_count,integer,NO
structural_theme_graph_snapshots,asset_node_count,integer,NO
structural_theme_graph_snapshots,sector_node_count,integer,NO
structural_theme_graph_snapshots,subsector_node_count,integer,NO
structural_theme_graph_snapshots,macro_factor_node_count,integer,NO
structural_theme_graph_snapshots,avg_edge_strength,numeric,YES
structural_theme_graph_snapshots,avg_confidence_score,numeric,YES
structural_theme_graph_snapshots,avg_evidence_intensity,numeric,YES
structural_theme_graph_snapshots,avg_persistence_score,numeric,YES
structural_theme_graph_snapshots,validation_status,text,NO
structural_theme_graph_snapshots,validation_errors,jsonb,NO
structural_theme_graph_snapshots,validation_warnings,jsonb,NO
structural_theme_graph_snapshots,checkpoint_status,text,NO
structural_theme_graph_snapshots,snapshot_metadata,jsonb,NO
structural_theme_graph_snapshots,created_at,timestamp with time zone,NO
structural_theme_graph_structural_drift,id,bigint,NO
structural_theme_graph_structural_drift,run_date_sgt,date,NO
structural_theme_graph_structural_drift,drift_scope,text,NO
structural_theme_graph_structural_drift,anchor_theme_name,text,YES
structural_theme_graph_structural_drift,theme_name,text,YES
structural_theme_graph_structural_drift,source_node_key,text,YES
structural_theme_graph_structural_drift,target_node_type,text,YES
structural_theme_graph_structural_drift,edge_type,text,YES
structural_theme_graph_structural_drift,drift_dimension,text,NO
structural_theme_graph_structural_drift,previous_value,numeric,YES
structural_theme_graph_structural_drift,current_value,numeric,YES
structural_theme_graph_structural_drift,drift_delta,numeric,NO
structural_theme_graph_structural_drift,drift_magnitude,numeric,NO
structural_theme_graph_structural_drift,drift_direction,text,NO
structural_theme_graph_structural_drift,drift_regime,text,NO
structural_theme_graph_structural_drift,affected_edges,integer,NO
structural_theme_graph_structural_drift,total_edges,integer,NO
structural_theme_graph_structural_drift,drift_metadata,jsonb,NO
structural_theme_graph_structural_drift,created_at,timestamp with time zone,NO
structural_theme_graph_structural_drift,updated_at,timestamp with time zone,NO
structural_theme_graph_telemetry,id,bigint,NO
structural_theme_graph_telemetry,run_timestamp_sgt,timestamp with time zone,NO
structural_theme_graph_telemetry,run_date_sgt,date,NO
structural_theme_graph_telemetry,pipeline_name,text,NO
structural_theme_graph_telemetry,snapshot_id,text,YES
structural_theme_graph_telemetry,snapshot_version,text,YES
structural_theme_graph_telemetry,status,text,NO
structural_theme_graph_telemetry,nodes_upserted,integer,NO
structural_theme_graph_telemetry,edges_upserted,integer,NO
structural_theme_graph_telemetry,edge_history_rows_inserted,integer,NO
structural_theme_graph_telemetry,validation_status,text,YES
structural_theme_graph_telemetry,validation_error_count,integer,NO
structural_theme_graph_telemetry,validation_warning_count,integer,NO
structural_theme_graph_telemetry,runtime_seconds,numeric,YES
structural_theme_graph_telemetry,github_run_id,text,YES
structural_theme_graph_telemetry,github_workflow,text,YES
structural_theme_graph_telemetry,github_repository,text,YES
structural_theme_graph_telemetry,github_branch,text,YES
structural_theme_graph_telemetry,error_message,text,YES
structural_theme_graph_telemetry,telemetry_metadata,jsonb,NO
structural_theme_graph_telemetry,created_at,timestamp with time zone,NO
structural_theme_graph_transmission_potential,id,bigint,NO
structural_theme_graph_transmission_potential,run_date_sgt,date,NO
structural_theme_graph_transmission_potential,transmission_key,text,NO
structural_theme_graph_transmission_potential,transmission_scope,text,NO
structural_theme_graph_transmission_potential,anchor_theme_name,text,YES
structural_theme_graph_transmission_potential,theme_name,text,YES
structural_theme_graph_transmission_potential,source_node_key,text,YES
structural_theme_graph_transmission_potential,target_node_key,text,YES
structural_theme_graph_transmission_potential,target_node_type,text,YES
structural_theme_graph_transmission_potential,edge_type,text,YES
structural_theme_graph_transmission_potential,transmission_potential_score,numeric,NO
structural_theme_graph_transmission_potential,propagation_readiness_score,numeric,NO
structural_theme_graph_transmission_potential,susceptibility_score,numeric,NO
structural_theme_graph_transmission_potential,pressure_gradient_score,numeric,NO
structural_theme_graph_transmission_potential,directional_tension_score,numeric,NO
structural_theme_graph_transmission_potential,bottleneck_score,numeric,NO
structural_theme_graph_transmission_potential,fragility_score,numeric,NO
structural_theme_graph_transmission_potential,persistence_alignment_score,numeric,NO
structural_theme_graph_transmission_potential,drift_alignment_score,numeric,NO
structural_theme_graph_transmission_potential,transmission_regime,text,NO
structural_theme_graph_transmission_potential,transmission_status,text,NO
structural_theme_graph_transmission_potential,contributing_pressure_rows,integer,NO
structural_theme_graph_transmission_potential,contributing_transition_rows,integer,NO
structural_theme_graph_transmission_potential,contributing_drift_rows,integer,NO
structural_theme_graph_transmission_potential,transmission_metadata,jsonb,NO
structural_theme_graph_transmission_potential,created_at,timestamp with time zone,NO
structural_theme_graph_transmission_potential,updated_at,timestamp with time zone,NO
structural_theme_graph_transmission_snapshots,id,bigint,NO
structural_theme_graph_transmission_snapshots,snapshot_id,text,NO
structural_theme_graph_transmission_snapshots,run_date_sgt,date,NO
structural_theme_graph_transmission_snapshots,snapshot_version,text,NO
structural_theme_graph_transmission_snapshots,anchor_theme_name,text,YES
structural_theme_graph_transmission_snapshots,theme_name,text,YES
structural_theme_graph_transmission_snapshots,transmission_rows_generated,integer,NO
structural_theme_graph_transmission_snapshots,low_potential_count,integer,NO
structural_theme_graph_transmission_snapshots,moderate_potential_count,integer,NO
structural_theme_graph_transmission_snapshots,high_potential_count,integer,NO
structural_theme_graph_transmission_snapshots,extreme_potential_count,integer,NO
structural_theme_graph_transmission_snapshots,active_count,integer,NO
structural_theme_graph_transmission_snapshots,watchlist_count,integer,NO
structural_theme_graph_transmission_snapshots,bottleneck_count,integer,NO
structural_theme_graph_transmission_snapshots,fragile_count,integer,NO
structural_theme_graph_transmission_snapshots,avg_transmission_potential_score,numeric,YES
structural_theme_graph_transmission_snapshots,avg_pressure_gradient_score,numeric,YES
structural_theme_graph_transmission_snapshots,avg_fragility_score,numeric,YES
structural_theme_graph_transmission_snapshots,strongest_transmission_surfaces,jsonb,NO
structural_theme_graph_transmission_snapshots,largest_pressure_gradients,jsonb,NO
structural_theme_graph_transmission_snapshots,largest_fragility_surfaces,jsonb,NO
structural_theme_graph_transmission_snapshots,validation_status,text,NO
structural_theme_graph_transmission_snapshots,validation_errors,jsonb,NO
structural_theme_graph_transmission_snapshots,validation_warnings,jsonb,NO
structural_theme_graph_transmission_snapshots,snapshot_metadata,jsonb,NO
structural_theme_graph_transmission_snapshots,created_at,timestamp with time zone,NO
structural_theme_graph_transmission_telemetry,id,bigint,NO
structural_theme_graph_transmission_telemetry,run_timestamp_sgt,timestamp with time zone,NO
structural_theme_graph_transmission_telemetry,run_date_sgt,date,NO
structural_theme_graph_transmission_telemetry,pipeline_name,text,NO
structural_theme_graph_transmission_telemetry,snapshot_id,text,YES
structural_theme_graph_transmission_telemetry,status,text,NO
structural_theme_graph_transmission_telemetry,pressure_rows_read,integer,NO
structural_theme_graph_transmission_telemetry,transition_rows_read,integer,NO
structural_theme_graph_transmission_telemetry,drift_rows_read,integer,NO
structural_theme_graph_transmission_telemetry,transmission_rows_upserted,integer,NO
structural_theme_graph_transmission_telemetry,validation_status,text,YES
structural_theme_graph_transmission_telemetry,validation_error_count,integer,NO
structural_theme_graph_transmission_telemetry,validation_warning_count,integer,NO
structural_theme_graph_transmission_telemetry,runtime_seconds,numeric,YES
structural_theme_graph_transmission_telemetry,error_message,text,YES
structural_theme_graph_transmission_telemetry,telemetry_metadata,jsonb,NO
structural_theme_graph_transmission_telemetry,created_at,timestamp with time zone,NO
structural_theme_graph_two_hop_paths,id,bigint,NO
structural_theme_graph_two_hop_paths,run_date_sgt,date,NO
structural_theme_graph_two_hop_paths,theme_name,text,NO
structural_theme_graph_two_hop_paths,source_node_id,text,NO
structural_theme_graph_two_hop_paths,intermediate_node_id,text,NO
structural_theme_graph_two_hop_paths,target_node_id,text,NO
structural_theme_graph_two_hop_paths,source_node_label,text,YES
structural_theme_graph_two_hop_paths,intermediate_node_label,text,YES
structural_theme_graph_two_hop_paths,target_node_label,text,YES
structural_theme_graph_two_hop_paths,path_hash,text,NO
structural_theme_graph_two_hop_paths,hop1_edge_id,text,YES
structural_theme_graph_two_hop_paths,hop2_edge_id,text,YES
structural_theme_graph_two_hop_paths,hop1_confidence,numeric,YES
structural_theme_graph_two_hop_paths,hop2_confidence,numeric,YES
structural_theme_graph_two_hop_paths,hop1_transmission_potential,numeric,YES
structural_theme_graph_two_hop_paths,hop2_transmission_potential,numeric,YES
structural_theme_graph_two_hop_paths,path_status,text,NO
structural_theme_graph_two_hop_paths,rejection_reason,text,YES
structural_theme_graph_two_hop_paths,replay_run_id,text,YES
structural_theme_graph_two_hop_paths,github_run_id,text,YES
structural_theme_graph_two_hop_paths,created_at,timestamp with time zone,NO
structural_theme_graph_two_hop_paths,updated_at,timestamp with time zone,NO
structural_theme_graph_two_hop_propagation,id,bigint,NO
structural_theme_graph_two_hop_propagation,run_date_sgt,date,NO
structural_theme_graph_two_hop_propagation,theme_name,text,NO
structural_theme_graph_two_hop_propagation,source_node_id,text,NO
structural_theme_graph_two_hop_propagation,intermediate_node_id,text,NO
structural_theme_graph_two_hop_propagation,target_node_id,text,NO
structural_theme_graph_two_hop_propagation,source_node_label,text,YES
structural_theme_graph_two_hop_propagation,intermediate_node_label,text,YES
structural_theme_graph_two_hop_propagation,target_node_label,text,YES
structural_theme_graph_two_hop_propagation,path_hash,text,NO
structural_theme_graph_two_hop_propagation,hop1_score,numeric,YES
structural_theme_graph_two_hop_propagation,hop2_score,numeric,YES
structural_theme_graph_two_hop_propagation,base_two_hop_score,numeric,YES
structural_theme_graph_two_hop_propagation,hop_attenuation_factor,numeric,NO
structural_theme_graph_two_hop_propagation,compounded_decay_factor,numeric,YES
structural_theme_graph_two_hop_propagation,bottleneck_accumulation,numeric,YES
structural_theme_graph_two_hop_propagation,fragility_accumulation,numeric,YES
structural_theme_graph_two_hop_propagation,saturation_suppression,numeric,YES
structural_theme_graph_two_hop_propagation,two_hop_path_score,numeric,YES
structural_theme_graph_two_hop_propagation,two_hop_confidence,numeric,YES
structural_theme_graph_two_hop_propagation,two_hop_transmission_potential,numeric,YES
structural_theme_graph_two_hop_propagation,propagation_regime,text,YES
structural_theme_graph_two_hop_propagation,validation_status,text,NO
structural_theme_graph_two_hop_propagation,validation_warnings,jsonb,NO
structural_theme_graph_two_hop_propagation,replay_run_id,text,YES
structural_theme_graph_two_hop_propagation,github_run_id,text,YES
structural_theme_graph_two_hop_propagation,created_at,timestamp with time zone,NO
structural_theme_graph_two_hop_propagation,updated_at,timestamp with time zone,NO
structural_theme_graph_two_hop_snapshots,id,bigint,NO
structural_theme_graph_two_hop_snapshots,run_date_sgt,date,NO
structural_theme_graph_two_hop_snapshots,theme_name,text,NO
structural_theme_graph_two_hop_snapshots,snapshot_type,text,NO
structural_theme_graph_two_hop_snapshots,total_paths,integer,NO
structural_theme_graph_two_hop_snapshots,active_paths,integer,NO
structural_theme_graph_two_hop_snapshots,rejected_paths,integer,NO
structural_theme_graph_two_hop_snapshots,avg_two_hop_score,numeric,YES
structural_theme_graph_two_hop_snapshots,max_two_hop_score,numeric,YES
structural_theme_graph_two_hop_snapshots,avg_confidence,numeric,YES
structural_theme_graph_two_hop_snapshots,avg_transmission_potential,numeric,YES
structural_theme_graph_two_hop_snapshots,top_path_hash,text,YES
structural_theme_graph_two_hop_snapshots,top_source_node_id,text,YES
structural_theme_graph_two_hop_snapshots,top_intermediate_node_id,text,YES
structural_theme_graph_two_hop_snapshots,top_target_node_id,text,YES
structural_theme_graph_two_hop_snapshots,replay_run_id,text,YES
structural_theme_graph_two_hop_snapshots,github_run_id,text,YES
structural_theme_graph_two_hop_snapshots,snapshot_payload,jsonb,NO
structural_theme_graph_two_hop_snapshots,created_at,timestamp with time zone,NO
structural_theme_graph_two_hop_telemetry,id,bigint,NO
structural_theme_graph_two_hop_telemetry,run_timestamp_sgt,timestamp with time zone,NO
structural_theme_graph_two_hop_telemetry,run_date_sgt,date,NO
structural_theme_graph_two_hop_telemetry,theme_name,text,NO
structural_theme_graph_two_hop_telemetry,pipeline_name,text,NO
structural_theme_graph_two_hop_telemetry,status,text,NO
structural_theme_graph_two_hop_telemetry,source_edges_loaded,integer,NO
structural_theme_graph_two_hop_telemetry,candidate_paths,integer,NO
structural_theme_graph_two_hop_telemetry,accepted_paths,integer,NO
structural_theme_graph_two_hop_telemetry,rejected_cycles,integer,NO
structural_theme_graph_two_hop_telemetry,rejected_duplicates,integer,NO
structural_theme_graph_two_hop_telemetry,rejected_low_confidence,integer,NO
structural_theme_graph_two_hop_telemetry,rejected_low_potential,integer,NO
structural_theme_graph_two_hop_telemetry,propagation_rows_written,integer,NO
structural_theme_graph_two_hop_telemetry,snapshot_rows_written,integer,NO
structural_theme_graph_two_hop_telemetry,avg_attenuation,numeric,YES
structural_theme_graph_two_hop_telemetry,avg_bottleneck,numeric,YES
structural_theme_graph_two_hop_telemetry,avg_fragility,numeric,YES
structural_theme_graph_two_hop_telemetry,avg_saturation_suppression,numeric,YES
structural_theme_graph_two_hop_telemetry,runtime_seconds,numeric,YES
structural_theme_graph_two_hop_telemetry,replay_run_id,text,YES
structural_theme_graph_two_hop_telemetry,github_run_id,text,YES
structural_theme_graph_two_hop_telemetry,error_message,text,YES
structural_theme_graph_two_hop_telemetry,telemetry_payload,jsonb,NO
structural_theme_graph_two_hop_telemetry,created_at,timestamp with time zone,NO
structural_theme_interactions,id,bigint,NO
structural_theme_interactions,run_date_sgt,date,NO
structural_theme_interactions,run_timestamp_sgt,timestamp with time zone,NO
structural_theme_interactions,theme_a,text,NO
structural_theme_interactions,theme_b,text,NO
structural_theme_interactions,interaction_name,text,NO
structural_theme_interactions,interaction_version,text,NO
structural_theme_interactions,ticker,text,NO
structural_theme_interactions,company,text,YES
structural_theme_interactions,sector,text,YES
structural_theme_interactions,subsector,text,YES
structural_theme_interactions,interaction_score,numeric,YES
structural_theme_interactions,bottleneck_score,numeric,YES
structural_theme_interactions,propagation_score,numeric,YES
structural_theme_interactions,confidence_score,numeric,YES
structural_theme_interactions,interaction_components,jsonb,YES
structural_theme_interactions,interaction_explanation,jsonb,YES
structural_theme_interactions,metadata,jsonb,YES
structural_theme_interactions,created_at,timestamp with time zone,NO
structural_theme_interactions,updated_at,timestamp with time zone,NO
structural_theme_momentum_history,id,bigint,NO
structural_theme_momentum_history,run_date_sgt,date,NO
structural_theme_momentum_history,theme_name,text,NO
structural_theme_momentum_history,entity,text,YES
structural_theme_momentum_history,theme_score,numeric,YES
structural_theme_momentum_history,momentum_7d,numeric,YES
structural_theme_momentum_history,momentum_30d,numeric,YES
structural_theme_momentum_history,acceleration_7d,numeric,YES
structural_theme_momentum_history,acceleration_30d,numeric,YES
structural_theme_momentum_history,momentum_persistence_days,integer,YES
structural_theme_momentum_history,structural_momentum_score,numeric,YES
structural_theme_momentum_history,momentum_regime,text,YES
structural_theme_momentum_history,created_at,timestamp with time zone,NO
structural_theme_momentum_history,updated_at,timestamp with time zone,YES
structural_theme_pathway_trend_history,id,bigint,NO
structural_theme_pathway_trend_history,run_date_sgt,date,NO
structural_theme_pathway_trend_history,theme_name,text,NO
structural_theme_pathway_trend_history,pathway_name,text,NO
structural_theme_pathway_trend_history,source_entity,text,YES
structural_theme_pathway_trend_history,target_entity,text,YES
structural_theme_pathway_trend_history,avg_score,numeric,YES
structural_theme_pathway_trend_history,rolling_avg_7d,numeric,YES
structural_theme_pathway_trend_history,rolling_avg_30d,numeric,YES
structural_theme_pathway_trend_history,score_volatility_30d,numeric,YES
structural_theme_pathway_trend_history,stability_score,numeric,YES
structural_theme_pathway_trend_history,active_days_30d,integer,YES
structural_theme_pathway_trend_history,pathway_regime,text,YES
structural_theme_pathway_trend_history,created_at,timestamp with time zone,NO
structural_theme_pipeline_telemetry,id,bigint,NO
structural_theme_pipeline_telemetry,run_timestamp_sgt,timestamp with time zone,NO
structural_theme_pipeline_telemetry,run_date_sgt,date,NO
structural_theme_pipeline_telemetry,pipeline_name,text,NO
structural_theme_pipeline_telemetry,theme_name,text,NO
structural_theme_pipeline_telemetry,status,text,NO
structural_theme_pipeline_telemetry,runtime_seconds,numeric,YES
structural_theme_pipeline_telemetry,score_rows,integer,YES
structural_theme_pipeline_telemetry,observation_rows,integer,YES
structural_theme_pipeline_telemetry,validation_failures,integer,YES
structural_theme_pipeline_telemetry,validation_warnings,integer,YES
structural_theme_pipeline_telemetry,avg_score,numeric,YES
structural_theme_pipeline_telemetry,min_score,numeric,YES
structural_theme_pipeline_telemetry,max_score,numeric,YES
structural_theme_pipeline_telemetry,avg_confidence,numeric,YES
structural_theme_pipeline_telemetry,bullish_count,integer,YES
structural_theme_pipeline_telemetry,bearish_count,integer,YES
structural_theme_pipeline_telemetry,neutral_count,integer,YES
structural_theme_pipeline_telemetry,error_message,text,YES
structural_theme_pipeline_telemetry,github_run_id,text,YES
structural_theme_pipeline_telemetry,github_workflow,text,YES
structural_theme_pipeline_telemetry,github_repository,text,YES
structural_theme_pipeline_telemetry,github_branch,text,YES
structural_theme_pipeline_telemetry,created_at,timestamp with time zone,NO
structural_theme_propagation_history,id,bigint,NO
structural_theme_propagation_history,run_date_sgt,date,NO
structural_theme_propagation_history,theme_name,text,NO
structural_theme_propagation_history,source_entity,text,YES
structural_theme_propagation_history,target_entity,text,YES
structural_theme_propagation_history,pathway_name,text,YES
structural_theme_propagation_history,propagation_score,numeric,YES
structural_theme_propagation_history,previous_score,numeric,YES
structural_theme_propagation_history,score_change,numeric,YES
structural_theme_propagation_history,momentum_7d,numeric,YES
structural_theme_propagation_history,momentum_30d,numeric,YES
structural_theme_propagation_history,acceleration_7d,numeric,YES
structural_theme_propagation_history,acceleration_30d,numeric,YES
structural_theme_propagation_history,evidence_intensity,numeric,YES
structural_theme_propagation_history,attribution_strength,numeric,YES
structural_theme_propagation_history,pathway_stability_score,numeric,YES
structural_theme_propagation_history,regime,text,YES
structural_theme_propagation_history,created_at,timestamp with time zone,NO
structural_theme_reconstruction_checkpoints,id,bigint,NO
structural_theme_reconstruction_checkpoints,pipeline_name,text,NO
structural_theme_reconstruction_checkpoints,theme_name,text,NO
structural_theme_reconstruction_checkpoints,last_completed_date,date,NO
structural_theme_reconstruction_checkpoints,status,text,NO
structural_theme_reconstruction_checkpoints,details,jsonb,YES
structural_theme_reconstruction_checkpoints,updated_at,timestamp with time zone,NO
structural_theme_reconstruction_checkpoints,process_name,text,YES
structural_theme_reconstruction_checkpoints,last_processed_date,date,YES
structural_theme_reconstruction_checkpoints,rows_written,integer,YES
structural_theme_reconstruction_checkpoints,chunk_id,integer,YES
structural_theme_reconstruction_checkpoints,runtime_seconds,numeric,YES
structural_theme_regime_history,id,bigint,NO
structural_theme_regime_history,run_date_sgt,date,NO
structural_theme_regime_history,theme_name,text,NO
structural_theme_regime_history,entity,text,YES
structural_theme_regime_history,previous_regime,text,YES
structural_theme_regime_history,current_regime,text,YES
structural_theme_regime_history,regime_changed,boolean,YES
structural_theme_regime_history,regime_duration_days,integer,YES
structural_theme_regime_history,transition_type,text,YES
structural_theme_regime_history,created_at,timestamp with time zone,NO
structural_theme_relationships,id,bigint,NO
structural_theme_relationships,parent_theme,text,NO
structural_theme_relationships,child_theme,text,NO
structural_theme_relationships,relationship_type,text,NO
structural_theme_relationships,propagation_weight,numeric,YES
structural_theme_relationships,lag_days,integer,YES
structural_theme_relationships,active,boolean,NO
structural_theme_relationships,relationship_version,text,NO
structural_theme_relationships,metadata,jsonb,YES
structural_theme_relationships,created_at,timestamp with time zone,NO
structural_theme_relationships,updated_at,timestamp with time zone,NO
structural_theme_runs,id,bigint,NO
structural_theme_runs,run_timestamp_sgt,timestamp with time zone,NO
structural_theme_runs,run_date_sgt,date,NO
structural_theme_runs,pipeline_name,text,NO
structural_theme_runs,theme_name,text,YES
structural_theme_runs,theme_version,text,YES
structural_theme_runs,status,text,NO
structural_theme_runs,runtime_seconds,numeric,YES
structural_theme_runs,rows_processed,integer,YES
structural_theme_runs,rows_written,integer,YES
structural_theme_runs,evidence_rows,integer,YES
structural_theme_runs,score_rows,integer,YES
structural_theme_runs,github_run_id,text,YES
structural_theme_runs,github_workflow,text,YES
structural_theme_runs,github_repository,text,YES
structural_theme_runs,github_branch,text,YES
structural_theme_runs,error_message,text,YES
structural_theme_runs,metadata,jsonb,YES
structural_theme_runs,created_at,timestamp with time zone,NO
structural_theme_scores,id,bigint,NO
structural_theme_scores,run_date_sgt,date,NO
structural_theme_scores,run_timestamp_sgt,timestamp with time zone,NO
structural_theme_scores,theme_name,text,NO
structural_theme_scores,theme_version,text,NO
structural_theme_scores,ticker,text,NO
structural_theme_scores,company,text,YES
structural_theme_scores,sector,text,YES
structural_theme_scores,subsector,text,YES
structural_theme_scores,theme_score,numeric,YES
structural_theme_scores,confidence_score,numeric,YES
structural_theme_scores,interaction_score,numeric,YES
structural_theme_scores,evidence_count,integer,YES
structural_theme_scores,positive_driver_count,integer,YES
structural_theme_scores,negative_driver_count,integer,YES
structural_theme_scores,positive_drivers,jsonb,YES
structural_theme_scores,negative_drivers,jsonb,YES
structural_theme_scores,score_components,jsonb,YES
structural_theme_scores,metadata,jsonb,YES
structural_theme_scores,created_at,timestamp with time zone,NO
structural_theme_scores,updated_at,timestamp with time zone,NO
structural_theme_validation_results,id,bigint,NO
structural_theme_validation_results,run_timestamp_sgt,timestamp with time zone,NO
structural_theme_validation_results,run_date_sgt,date,NO
structural_theme_validation_results,pipeline_name,text,NO
structural_theme_validation_results,theme_name,text,NO
structural_theme_validation_results,validation_name,text,NO
structural_theme_validation_results,severity,text,NO
structural_theme_validation_results,status,text,NO
structural_theme_validation_results,observed_value,text,YES
structural_theme_validation_results,expected_value,text,YES
structural_theme_validation_results,message,text,YES
structural_theme_validation_results,created_at,timestamp with time zone,NO
tier3h5_governance_continuity_history,continuity_hash,text,NO
tier3h5_governance_continuity_history,historical_continuity_status,text,NO
tier3h5_governance_continuity_history,governance_history_depth,integer,NO
tier3h5_governance_continuity_history,persistent_incident_count,integer,NO
tier3h5_governance_continuity_history,recurring_incident_count,integer,NO
tier3h5_governance_continuity_history,transient_incident_count,integer,NO
tier3h5_governance_continuity_history,replay_mode,text,NO
tier3h5_governance_continuity_history,enforcement_enabled,boolean,NO
tier3h5_governance_continuity_history,created_at,timestamp with time zone,NO
tier3h5_governance_escalation_history,escalation_history_id,text,NO
tier3h5_governance_escalation_history,escalation_status,text,NO
tier3h5_governance_escalation_history,governance_review_recommended,boolean,NO
tier3h5_governance_escalation_history,escalation_summary_hash,text,YES
tier3h5_governance_escalation_history,escalation_history_hash,text,NO
tier3h5_governance_escalation_history,replay_mode,text,NO
tier3h5_governance_escalation_history,enforcement_enabled,boolean,NO
tier3h5_governance_escalation_history,created_at,timestamp with time zone,NO
tier3h5_governance_incident_history,incident_history_id,text,NO
tier3h5_governance_incident_history,incident_id,text,YES
tier3h5_governance_incident_history,incident_key,text,NO
tier3h5_governance_incident_history,category,text,NO
tier3h5_governance_incident_history,severity,text,NO
tier3h5_governance_incident_history,signal,text,NO
tier3h5_governance_incident_history,entity,text,NO
tier3h5_governance_incident_history,incident_hash,text,NO
tier3h5_governance_incident_history,incident_lifecycle_hash,text,NO
tier3h5_governance_incident_history,replay_mode,text,NO
tier3h5_governance_incident_history,enforcement_enabled,boolean,NO
tier3h5_governance_incident_history,created_at,timestamp with time zone,NO
tier3h5_governance_trend_history,governance_trend_hash,text,NO
tier3h5_governance_trend_history,governance_trend_status,text,NO
tier3h5_governance_trend_history,escalation_trend_status,text,NO
tier3h5_governance_trend_history,replay_stability_trend,text,NO
tier3h5_governance_trend_history,lineage_stability_trend,text,NO
tier3h5_governance_trend_history,replay_mode,text,NO
tier3h5_governance_trend_history,enforcement_enabled,boolean,NO
tier3h5_governance_trend_history,created_at,timestamp with time zone,NO
tier3h5_governance_watchlist_history,watchlist_history_id,text,NO
tier3h5_governance_watchlist_history,watchlist_name,text,NO
tier3h5_governance_watchlist_history,watchlist_count,integer,NO
tier3h5_governance_watchlist_history,watchlist_evolution_hash,text,NO
tier3h5_governance_watchlist_history,replay_mode,text,NO
tier3h5_governance_watchlist_history,enforcement_enabled,boolean,NO
tier3h5_governance_watchlist_history,created_at,timestamp with time zone,NO
tier3h5_institutional_issuer_registry,issuer_id,text,NO
tier3h5_institutional_issuer_registry,issuer_name_canonical,text,NO
tier3h5_institutional_issuer_registry,issuer_name_normalized,text,NO
tier3h5_institutional_issuer_registry,country_code,text,YES
tier3h5_institutional_issuer_registry,primary_exchange,text,YES
tier3h5_institutional_issuer_registry,primary_ticker,text,YES
tier3h5_institutional_issuer_registry,issuer_type,text,YES
tier3h5_institutional_issuer_registry,sec_cik,text,YES
tier3h5_institutional_issuer_registry,lei,text,YES
tier3h5_institutional_issuer_registry,first_seen_at,timestamp with time zone,NO
tier3h5_institutional_issuer_registry,updated_at,timestamp with time zone,NO
tier3h5_institutional_security_registry,security_id,text,NO
tier3h5_institutional_security_registry,issuer_id,text,NO
tier3h5_institutional_security_registry,ticker,text,NO
tier3h5_institutional_security_registry,normalized_ticker,text,NO
tier3h5_institutional_security_registry,exchange,text,NO
tier3h5_institutional_security_registry,normalized_exchange,text,NO
tier3h5_institutional_security_registry,security_name,text,YES
tier3h5_institutional_security_registry,security_type,text,NO
tier3h5_institutional_security_registry,currency,text,YES
tier3h5_institutional_security_registry,source_record_hash,text,NO
tier3h5_institutional_security_registry,first_seen_at,timestamp with time zone,NO
tier3h5_institutional_security_registry,updated_at,timestamp with time zone,NO
tier3h5_registry_ingestion_runs,ingestion_run_id,text,NO
tier3h5_registry_ingestion_runs,source_name,text,NO
tier3h5_registry_ingestion_runs,source_checksum,text,NO
tier3h5_registry_ingestion_runs,schema_version,text,NO
tier3h5_registry_ingestion_runs,status,text,NO
tier3h5_registry_ingestion_runs,created_at,timestamp with time zone,NO
tier3h5_registry_provenance,provenance_id,text,NO
tier3h5_registry_provenance,ingestion_run_id,text,NO
tier3h5_registry_provenance,source_name,text,NO
tier3h5_registry_provenance,source_url,text,YES
tier3h5_registry_provenance,source_retrieved_at,timestamp with time zone,NO
tier3h5_registry_provenance,source_checksum,text,NO
tier3h5_registry_provenance,source_record_count,integer,NO
tier3h5_registry_provenance,accepted_record_count,integer,NO
tier3h5_registry_provenance,rejected_record_count,integer,NO
tier3h5_registry_provenance,duplicate_record_count,integer,NO
tier3h5_registry_provenance,conflict_record_count,integer,NO
tier3h5_registry_provenance,schema_version,text,NO
tier3h5_registry_provenance,created_at,timestamp with time zone,NO
tier3h_dynamic_entity_discovery,id,uuid,NO
tier3h_dynamic_entity_discovery,run_date_sgt,date,NO
tier3h_dynamic_entity_discovery,theme_name,text,NO
tier3h_dynamic_entity_discovery,source_node,text,YES
tier3h_dynamic_entity_discovery,target_node,text,YES
tier3h_dynamic_entity_discovery,propagation_context_id,text,YES
tier3h_dynamic_entity_discovery,candidate_asset_id,text,NO
tier3h_dynamic_entity_discovery,candidate_name,text,YES
tier3h_dynamic_entity_discovery,candidate_type,text,YES
tier3h_dynamic_entity_discovery,ticker,text,YES
tier3h_dynamic_entity_discovery,exchange,text,YES
tier3h_dynamic_entity_discovery,discovery_method,text,NO
tier3h_dynamic_entity_discovery,evidence_sources,jsonb,NO
tier3h_dynamic_entity_discovery,evidence_count,integer,NO
tier3h_dynamic_entity_discovery,source_quality_score,numeric,NO
tier3h_dynamic_entity_discovery,thematic_relevance_score,numeric,NO
tier3h_dynamic_entity_discovery,entity_resolution_score,numeric,NO
tier3h_dynamic_entity_discovery,cross_source_score,numeric,NO
tier3h_dynamic_entity_discovery,candidate_confidence_score,numeric,NO
tier3h_dynamic_entity_discovery,candidate_confidence_band,text,NO
tier3h_dynamic_entity_discovery,confidence_explanation,text,YES
tier3h_dynamic_entity_discovery,advisory_status,text,NO
tier3h_dynamic_entity_discovery,rejection_reason,text,YES
tier3h_dynamic_entity_discovery,llm_used,boolean,NO
tier3h_dynamic_entity_discovery,llm_model,text,YES
tier3h_dynamic_entity_discovery,llm_classification_json,jsonb,YES
tier3h_dynamic_entity_discovery,created_at,timestamp with time zone,NO
tier3h_dynamic_entity_discovery,updated_at,timestamp with time zone,NO
tier3h_dynamic_entity_evidence,id,bigint,NO
tier3h_dynamic_entity_evidence,run_date_sgt,date,NO
tier3h_dynamic_entity_evidence,workflow_run_id,text,YES
tier3h_dynamic_entity_evidence,theme_name,text,YES
tier3h_dynamic_entity_evidence,candidate_id,text,YES
tier3h_dynamic_entity_evidence,candidate_asset_id,text,YES
tier3h_dynamic_entity_evidence,candidate_name,text,YES
tier3h_dynamic_entity_evidence,evidence_text,text,YES
tier3h_dynamic_entity_evidence,source_url,text,YES
tier3h_dynamic_entity_evidence,source_title,text,YES
tier3h_dynamic_entity_evidence,source_domain,text,YES
tier3h_dynamic_entity_evidence,evidence_type,text,YES
tier3h_dynamic_entity_evidence,evidence_rank,integer,YES
tier3h_dynamic_entity_evidence,evidence_confidence,numeric,YES
tier3h_dynamic_entity_evidence,extracted_ticker,text,YES
tier3h_dynamic_entity_evidence,extracted_exchange,text,YES
tier3h_dynamic_entity_evidence,extraction_method,text,YES
tier3h_dynamic_entity_evidence,extraction_confidence,numeric,YES
tier3h_dynamic_entity_evidence,extraction_notes,jsonb,NO
tier3h_dynamic_entity_evidence,raw_evidence,jsonb,NO
tier3h_dynamic_entity_evidence,created_at,timestamp with time zone,NO
tier3h_dynamic_entity_evidence,updated_at,timestamp with time zone,NO
tier3h_entity_resolution_audit,id,bigint,NO
tier3h_entity_resolution_audit,run_date_sgt,date,NO
tier3h_entity_resolution_audit,workflow_run_id,text,YES
tier3h_entity_resolution_audit,theme_name,text,YES
tier3h_entity_resolution_audit,raw_entity_name,text,YES
tier3h_entity_resolution_audit,normalized_name,text,YES
tier3h_entity_resolution_audit,candidate_ticker,text,YES
tier3h_entity_resolution_audit,normalized_ticker,text,YES
tier3h_entity_resolution_audit,candidate_exchange,text,YES
tier3h_entity_resolution_audit,normalized_exchange,text,YES
tier3h_entity_resolution_audit,asset_type_guess,text,YES
tier3h_entity_resolution_audit,canonical_entity_id,text,YES
tier3h_entity_resolution_audit,resolution_status,text,NO
tier3h_entity_resolution_audit,resolution_confidence,numeric,YES
tier3h_entity_resolution_audit,rules_fired,jsonb,NO
tier3h_entity_resolution_audit,suppression_reason,text,YES
tier3h_entity_resolution_audit,evidence_urls,jsonb,NO
tier3h_entity_resolution_audit,source_count,integer,NO
tier3h_entity_resolution_audit,duplicate_group_key,text,YES
tier3h_entity_resolution_audit,duplicate_group_size,integer,NO
tier3h_entity_resolution_audit,created_at,timestamp with time zone,NO
tier3h_operational_api_usage,id,uuid,NO
tier3h_operational_api_usage,run_date_sgt,date,NO
tier3h_operational_api_usage,workflow_name,text,NO
tier3h_operational_api_usage,provider,text,NO
tier3h_operational_api_usage,api_calls_attempted,integer,NO
tier3h_operational_api_usage,api_calls_executed,integer,NO
tier3h_operational_api_usage,cache_hits,integer,NO
tier3h_operational_api_usage,cache_misses,integer,NO
tier3h_operational_api_usage,fallback_events,integer,NO
tier3h_operational_api_usage,rate_limit_events,integer,NO
tier3h_operational_api_usage,quota_exhaustion_events,integer,NO
tier3h_operational_api_usage,retry_events,integer,NO
tier3h_operational_api_usage,success_count,integer,NO
tier3h_operational_api_usage,failure_count,integer,NO
tier3h_operational_api_usage,estimated_cost,numeric,YES
tier3h_operational_api_usage,execution_seconds,numeric,YES
tier3h_operational_api_usage,metadata,jsonb,YES
tier3h_operational_api_usage,created_at,timestamp with time zone,NO
tier3h_transmission_candidates,id,uuid,NO
tier3h_transmission_candidates,run_date_sgt,date,NO
tier3h_transmission_candidates,candidate_symbol,text,NO
tier3h_transmission_candidates,candidate_name,text,YES
tier3h_transmission_candidates,asset_class,text,YES
tier3h_transmission_candidates,discovery_theme,text,NO
tier3h_transmission_candidates,candidate_source,text,NO
tier3h_transmission_candidates,positive_transmission_score,numeric,NO
tier3h_transmission_candidates,negative_transmission_score,numeric,NO
tier3h_transmission_candidates,net_transmission_score,numeric,NO
tier3h_transmission_candidates,evidence_count,integer,NO
tier3h_transmission_candidates,confidence_score,numeric,NO
tier3h_transmission_candidates,discovery_reason,text,YES
tier3h_transmission_candidates,recommended_action,text,NO
tier3h_transmission_candidates,status,text,NO
tier3h_transmission_candidates,snapshot_id,text,YES
tier3h_transmission_candidates,created_at,timestamp with time zone,NO
tier3h_transmission_candidates,memory_score,numeric,NO
tier3h_transmission_candidates,cross_theme_strength,numeric,NO
tier3h_transmission_candidates,multi_hop_strength,numeric,NO
tier3h_transmission_candidates,missing_symbol,boolean,NO
tier3h_transmission_candidates,identifier_type,text,YES
tier3h_transmission_candidates,resolution_reason,text,YES
v_ai_stock_rankings,metric_date,date,YES
v_ai_stock_rankings,ticker,text,YES
v_ai_stock_rankings,company_name,text,YES
v_ai_stock_rankings,ai_subsector,text,YES
v_ai_stock_rankings,momentum_score,numeric,YES
v_ai_stock_rankings,day_change_pct,numeric,YES
v_ai_stock_rankings,momentum_rank,bigint,YES
v_ai_stock_rankings,return_rank,bigint,YES
v_ai_subsector_daily_scores,metric_date,date,YES
v_ai_subsector_daily_scores,ai_subsector,text,YES
v_ai_subsector_daily_scores,stock_count,bigint,YES
v_ai_subsector_daily_scores,avg_momentum_score,numeric,YES
v_ai_subsector_daily_scores,avg_day_change_pct,numeric,YES
v_ai_subsector_daily_scores,avg_latest_price,numeric,YES
v_ai_subsector_daily_scores,subsector_regime,text,YES
v_ai_subsector_intelligence,metric_date,date,YES
v_ai_subsector_intelligence,ai_subsector,text,YES
v_ai_subsector_intelligence,stock_count,bigint,YES
v_ai_subsector_intelligence,avg_momentum,numeric,YES
v_ai_subsector_intelligence,avg_valuation,numeric,YES
v_ai_subsector_intelligence,avg_composite,numeric,YES
v_ai_subsector_intelligence,subsector_regime,text,YES
v_ai_subsector_ranked,metric_date,date,YES
v_ai_subsector_ranked,ai_subsector,text,YES
v_ai_subsector_ranked,stock_count,bigint,YES
v_ai_subsector_ranked,avg_valuation_proxy,numeric,YES
v_ai_subsector_ranked,min_valuation_proxy,numeric,YES
v_ai_subsector_ranked,max_valuation_proxy,numeric,YES
v_ai_subsector_ranked,avg_momentum_score,numeric,YES
v_ai_subsector_ranked,avg_composite_score,numeric,YES
v_ai_subsector_ranked,valuation_dispersion,numeric,YES
v_ai_subsector_ranked,valuation_regime,text,YES
v_ai_subsector_ranked,subsector_rank,bigint,YES
v_ai_subsector_valuation,metric_date,date,YES
v_ai_subsector_valuation,ai_subsector,text,YES
v_ai_subsector_valuation,stock_count,bigint,YES
v_ai_subsector_valuation,avg_valuation_proxy,numeric,YES
v_ai_subsector_valuation,min_valuation_proxy,numeric,YES
v_ai_subsector_valuation,max_valuation_proxy,numeric,YES
v_ai_subsector_valuation,avg_momentum_score,numeric,YES
v_ai_subsector_valuation,avg_composite_score,numeric,YES
v_ai_subsector_valuation,valuation_dispersion,numeric,YES
v_ai_subsector_valuation,valuation_regime,text,YES
v_ai_top_signals,metric_date,date,YES
v_ai_top_signals,ticker,text,YES
v_ai_top_signals,company_name,text,YES
v_ai_top_signals,ai_subsector,text,YES
v_ai_top_signals,momentum_score,numeric,YES
v_ai_top_signals,day_change_pct,numeric,YES
v_ai_top_signals,momentum_rank,bigint,YES
v_ai_top_signals,return_rank,bigint,YES
valuation_inputs,run_date_sgt,date,NO
valuation_inputs,sp500_forward_pe,numeric,YES
valuation_inputs,nasdaq100_forward_pe,numeric,YES
valuation_inputs,sp500_10y_avg_pe,numeric,YES
valuation_inputs,nasdaq100_10y_avg_pe,numeric,YES
valuation_inputs,equity_risk_premium,numeric,YES
valuation_inputs,notes,text,YES
valuation_inputs,created_at,timestamp with time zone,YES
vw_latest_structural_theme_scores,id,bigint,YES
vw_latest_structural_theme_scores,run_date_sgt,date,YES
vw_latest_structural_theme_scores,run_timestamp_sgt,timestamp with time zone,YES
vw_latest_structural_theme_scores,theme_name,text,YES
vw_latest_structural_theme_scores,theme_version,text,YES
vw_latest_structural_theme_scores,ticker,text,YES
vw_latest_structural_theme_scores,company,text,YES
vw_latest_structural_theme_scores,sector,text,YES
vw_latest_structural_theme_scores,subsector,text,YES
vw_latest_structural_theme_scores,theme_score,numeric,YES
vw_latest_structural_theme_scores,confidence_score,numeric,YES
vw_latest_structural_theme_scores,interaction_score,numeric,YES
vw_latest_structural_theme_scores,evidence_count,integer,YES
vw_latest_structural_theme_scores,positive_driver_count,integer,YES
vw_latest_structural_theme_scores,negative_driver_count,integer,YES
vw_latest_structural_theme_scores,positive_drivers,jsonb,YES
vw_latest_structural_theme_scores,negative_drivers,jsonb,YES
vw_latest_structural_theme_scores,score_components,jsonb,YES
vw_latest_structural_theme_scores,metadata,jsonb,YES
vw_latest_structural_theme_scores,created_at,timestamp with time zone,YES
vw_latest_structural_theme_scores,updated_at,timestamp with time zone,YES